relative_path,class_name,game_speed,points
up/00001_6626.png,up,42.0,2294
up/00002_7524.png,up,54.0,3451
up/00003_7345.png,up,51.0,3175
up/00004_3111.png,up,34.0,1459
up/00005_5728.png,up,30.0,1065
up/00006_6553.png,up,41.0,2175
up/00007_7358.png,up,51.0,3198
up/00008_7700.png,up,57.0,3719
up/00009_6437.png,up,41.0,2112
up/00010_8074.png,up,63.0,4303
up/00011_8041.png,up,62.0,4246
up/00012_438.png,up,26.0,635
up/00013_7785.png,up,58.0,3852
up/00014_8215.png,up,65.0,4524
up/00015_7886.png,up,60.0,4005
up/00016_7773.png,up,58.0,3832
up/00017_3028.png,up,33.0,1376
up/00018_2597.png,up,29.0,945
up/00019_7615.png,up,55.0,3590
up/00020_2520.png,up,28.0,868
up/00021_3030.png,up,33.0,1378
up/00022_7728.png,up,57.0,3763
up/00023_8249.png,up,65.0,4578
up/00024_7067.png,up,47.0,2723
up/00025_6765.png,up,42.0,2201
up/00026_162.png,up,25.0,536
up/00027_1556.png,up,28.0,852
up/00028_7299.png,up,51.0,3106
up/00029_6726.png,up,41.0,2141
up/00030_7964.png,up,61.0,4128
up/00031_5727.png,up,30.0,1064
up/00032_8154.png,up,64.0,4428
up/00033_3109.png,up,34.0,1457
up/00034_6259.png,up,35.0,1596
up/00035_7182.png,up,49.0,2905
up/00036_8115.png,up,63.0,4366
up/00037_7282.png,up,50.0,3080
up/00038_7100.png,up,47.0,2778
up/00039_6679.png,up,40.0,2049
up/00040_6551.png,up,41.0,2173
up/00041_7417.png,up,52.0,3291
up/00042_7543.png,up,54.0,3477
up/00043_7900.png,up,60.0,4027
up/00044_6783.png,up,42.0,2229
up/00045_6537.png,up,41.0,2145
up/00046_7682.png,up,56.0,3695
up/00047_6473.png,up,40.0,2025
up/00048_7296.png,up,51.0,3103
up/00049_7135.png,up,48.0,2828
up/00050_7149.png,up,48.0,2851
up/00051_2141.png,up,24.0,489
up/00052_5574.png,up,31.0,1108
up/00053_6876.png,up,44.0,2401
up/00054_6596.png,up,42.0,2239
up/00055_2033.png,up,23.0,381
up/00056_3245.png,up,35.0,1593
up/00057_7734.png,up,57.0,3769
up/00058_6469.png,up,40.0,2021
up/00059_7106.png,up,47.0,2784
up/00060_7827.png,up,59.0,3918
up/00061_7369.png,up,52.0,3217
up/00062_6449.png,up,41.0,2141
up/00063_6841.png,up,43.0,2339
up/00064_7139.png,up,48.0,2832
up/00065_5662.png,up,31.0,1196
up/00066_8113.png,up,63.0,4364
up/00067_7884.png,up,60.0,4003
up/00068_7283.png,up,50.0,3081
up/00069_7845.png,up,59.0,3943
up/00070_304.png,up,20.0,42
up/00071_3176.png,up,35.0,1524
up/00072_7597.png,up,55.0,3563
up/00073_1557.png,up,28.0,853
up/00074_3284.png,up,36.0,1632
up/00075_1141.png,up,24.0,437
up/00076_173.png,up,25.0,586
up/00077_7576.png,up,55.0,3525
up/00078_6552.png,up,41.0,2174
up/00079_2386.png,up,27.0,734
up/00080_6448.png,up,41.0,2140
up/00081_82.png,up,22.0,277
up/00082_6680.png,up,40.0,2050
up/00083_7136.png,up,48.0,2829
up/00084_6550.png,up,41.0,2172
up/00085_7356.png,up,51.0,3196
up/00086_6609.png,up,42.0,2264
up/00087_3250.png,up,35.0,1598
up/00088_6804.png,up,42.0,2279
up/00089_7571.png,up,55.0,3520
up/00090_7376.png,up,52.0,3224
up/00091_8129.png,up,63.0,4387
up/00092_684.png,up,20.0,35
up/00093_7300.png,up,51.0,3107
up/00094_7248.png,up,50.0,3011
up/00095_6524.png,up,41.0,2118
up/00096_7271.png,up,50.0,3057
up/00097_7241.png,up,50.0,3004
up/00098_2951.png,up,32.0,1299
up/00099_5430.png,up,33.0,1384
up/00100_2479.png,up,28.0,827
up/00101_5972.png,up,33.0,1309
up/00102_6823.png,up,43.0,2311
up/00103_7326.png,up,51.0,3147
up/00104_7439.png,up,53.0,3320
up/00105_7389.png,up,52.0,3246
up/00106_2594.png,up,29.0,942
up/00107_7613.png,up,55.0,3588
up/00108_6581.png,up,42.0,2215
up/00109_6505.png,up,40.0,2083
up/00110_7039.png,up,46.0,2676
up/00111_7339.png,up,51.0,3169
up/00112_7482.png,up,53.0,3385
up/00113_2335.png,up,26.0,683
up/00114_7977.png,up,61.0,4148
up/00115_6844.png,up,43.0,2342
up/00116_7885.png,up,60.0,4004
up/00117_5816.png,up,31.0,1153
up/00118_7911.png,up,60.0,4046
up/00119_3399.png,up,20.0,38
up/00120_7599.png,up,55.0,3565
up/00121_7717.png,up,57.0,3745
up/00122_7990.png,up,61.0,4168
up/00123_7434.png,up,53.0,3315
up/00124_6826.png,up,43.0,2314
up/00125_8203.png,up,65.0,4506
up/00126_3246.png,up,35.0,1594
up/00127_7184.png,up,49.0,2907
up/00128_6887.png,up,44.0,2422
up/00129_277.png,up,20.0,40
up/00130_447.png,up,20.0,43
up/00131_7603.png,up,55.0,3569
up/00132_6890.png,up,44.0,2425
up/00133_5071.png,up,30.0,1025
up/00134_7962.png,up,61.0,4126
up/00135_7742.png,up,57.0,3784
up/00136_7611.png,up,55.0,3586
up/00137_7715.png,up,57.0,3743
up/00138_7153.png,up,48.0,2855
up/00139_7936.png,up,60.0,4085
up/00140_7468.png,up,53.0,3363
up/00141_6722.png,up,41.0,2137
up/00142_6856.png,up,43.0,2368
up/00143_8262.png,up,65.0,4596
up/00144_7169.png,up,48.0,2882
up/00145_8103.png,up,63.0,4346
up/00146_7558.png,up,54.0,3499
up/00147_7403.png,up,52.0,3269
up/00148_1190.png,up,24.0,486
up/00149_7166.png,up,48.0,2879
up/00150_2805.png,up,31.0,1153
up/00151_6539.png,up,41.0,2147
up/00152_7373.png,up,52.0,3221
up/00153_4991.png,up,27.0,764
up/00154_6764.png,up,42.0,2200
up/00155_7315.png,up,51.0,3130
up/00156_6662.png,up,40.0,2018
up/00157_6504.png,up,40.0,2082
up/00158_7703.png,up,57.0,3722
up/00159_7297.png,up,51.0,3104
up/00160_5656.png,up,31.0,1190
up/00161_6729.png,up,41.0,2144
up/00162_6768.png,up,42.0,2204
up/00163_8017.png,up,62.0,4209
up/00164_7520.png,up,54.0,3447
up/00165_8276.png,up,66.0,4617
up/00166_6971.png,up,45.0,2563
up/00167_3577.png,up,22.0,216
up/00168_2842.png,up,31.0,1190
up/00169_2563.png,up,29.0,911
up/00170_4906.png,up,26.0,679
up/00171_8126.png,up,63.0,4384
up/00172_2191.png,up,25.0,539
up/00173_6508.png,up,40.0,2086
up/00174_640.png,up,28.0,811
up/00175_6538.png,up,41.0,2146
up/00176_6893.png,up,44.0,2428
up/00177_6579.png,up,42.0,2213
up/00178_7405.png,up,52.0,3271
up/00179_8015.png,up,62.0,4207
up/00180_7037.png,up,46.0,2674
up/00181_8039.png,up,62.0,4244
up/00182_7071.png,up,47.0,2727
up/00183_6793.png,up,42.0,2251
up/00184_2803.png,up,31.0,1151
up/00185_8127.png,up,63.0,4385
up/00186_5460.png,up,34.0,1414
up/00187_351.png,up,22.0,219
up/00188_6655.png,up,43.0,2349
up/00189_7354.png,up,51.0,3194
up/00190_4329.png,up,21.0,102
up/00191_7483.png,up,53.0,3386
up/00192_5459.png,up,34.0,1413
up/00193_1688.png,up,20.0,36
up/00194_8227.png,up,65.0,4542
up/00195_6612.png,up,42.0,2267
up/00196_7309.png,up,51.0,3124
up/00197_6590.png,up,42.0,2233
up/00198_3207.png,up,35.0,1555
up/00199_3400.png,up,20.0,39
up/00200_6554.png,up,41.0,2176
up/00201_7557.png,up,54.0,3498
up/00202_7686.png,up,56.0,3699
up/00203_2332.png,up,26.0,680
up/00204_2188.png,up,25.0,536
up/00205_6472.png,up,40.0,2024
up/00206_6794.png,up,42.0,2252
up/00207_7743.png,up,57.0,3785
up/00208_6782.png,up,42.0,2228
up/00209_7168.png,up,48.0,2881
up/00210_3148.png,up,34.0,1496
up/00211_624.png,up,27.0,725
up/00212_7343.png,up,51.0,3173
up/00213_6262.png,up,35.0,1599
up/00214_6724.png,up,41.0,2139
up/00215_7895.png,up,60.0,4022
up/00216_7858.png,up,59.0,3962
up/00217_6678.png,up,40.0,2048
up/00218_2726.png,up,30.0,1074
up/00219_6822.png,up,43.0,2310
up/00220_3173.png,up,35.0,1521
up/00221_2959.png,up,33.0,1307
up/00222_1600.png,up,28.0,896
up/00223_2840.png,up,31.0,1188
up/00224_6761.png,up,41.0,2197
up/00225_2728.png,up,30.0,1076
up/00226_6005.png,up,33.0,1342
up/00227_5690.png,up,30.0,1027
up/00228_3104.png,up,34.0,1452
up/00229_2915.png,up,32.0,1263
up/00230_2844.png,up,31.0,1192
up/00231_7813.png,up,58.0,3897
up/00232_7167.png,up,48.0,2880
up/00233_8117.png,up,63.0,4368
up/00234_3891.png,up,25.0,530
up/00235_3994.png,up,26.0,633
up/00236_7935.png,up,60.0,4084
up/00237_6757.png,up,41.0,2193
up/00238_6555.png,up,41.0,2177
up/00239_5661.png,up,31.0,1195
up/00240_7360.png,up,52.0,3200
up/00241_132.png,up,24.0,436
up/00242_2556.png,up,29.0,904
up/00243_6572.png,up,42.0,2206
up/00244_2340.png,up,26.0,688
up/00245_2429.png,up,27.0,777
up/00246_7881.png,up,60.0,4000
up/00247_5731.png,up,30.0,1068
up/00248_7573.png,up,55.0,3522
up/00249_2961.png,up,33.0,1309
up/00250_2245.png,up,25.0,593
up/00251_2678.png,up,30.0,1026
up/00252_3280.png,up,36.0,1628
up/00253_7316.png,up,51.0,3131
up/00254_3140.png,up,34.0,1488
up/00255_6575.png,up,42.0,2209
up/00256_7330.png,up,51.0,3151
up/00257_5577.png,up,31.0,1111
up/00258_2560.png,up,29.0,908
up/00259_2138.png,up,24.0,486
up/00260_7988.png,up,61.0,4166
up/00261_7391.png,up,52.0,3248
up/00262_1687.png,up,20.0,35
up/00263_6819.png,up,43.0,2307
up/00264_7451.png,up,53.0,3338
up/00265_7402.png,up,52.0,3268
up/00266_7925.png,up,60.0,4067
up/00267_7134.png,up,48.0,2827
up/00268_7697.png,up,57.0,3716
up/00269_7437.png,up,53.0,3318
up/00270_2384.png,up,27.0,732
up/00271_7340.png,up,51.0,3170
up/00272_5428.png,up,33.0,1382
up/00273_4861.png,up,26.0,634
up/00274_2519.png,up,28.0,867
up/00275_5349.png,up,33.0,1303
up/00276_201.png,up,27.0,773
up/00277_7718.png,up,57.0,3746
up/00278_6466.png,up,40.0,2018
up/00279_3244.png,up,35.0,1592
up/00280_7538.png,up,54.0,3472
up/00281_7140.png,up,48.0,2833
up/00282_3182.png,up,35.0,1530
up/00283_6520.png,up,41.0,2114
up/00284_3178.png,up,35.0,1526
up/00285_8205.png,up,65.0,4508
up/00286_7560.png,up,55.0,3501
up/00287_2032.png,up,23.0,380
up/00288_6576.png,up,42.0,2210
up/00289_7702.png,up,57.0,3721
up/00290_7731.png,up,57.0,3766
up/00291_7432.png,up,53.0,3313
up/00292_743.png,up,20.0,39
up/00293_429.png,up,25.0,587
up/00294_6465.png,up,40.0,2017
up/00295_7975.png,up,61.0,4146
up/00296_6488.png,up,40.0,2054
up/00297_7644.png,up,56.0,3635
up/00298_2921.png,up,32.0,1269
up/00299_6292.png,up,36.0,1629
up/00300_7965.png,up,61.0,4129
up/00301_8261.png,up,65.0,4595
up/00302_2343.png,up,26.0,691
up/00303_2843.png,up,31.0,1191
up/00304_7774.png,up,58.0,3833
up/00305_7685.png,up,56.0,3698
up/00306_7099.png,up,47.0,2777
up/00307_5971.png,up,33.0,1308
up/00308_2558.png,up,29.0,906
up/00309_7406.png,up,52.0,3272
up/00310_1921.png,up,22.0,269
up/00311_7344.png,up,51.0,3174
up/00312_7898.png,up,60.0,4025
up/00313_3215.png,up,35.0,1563
up/00314_551.png,up,23.0,382
up/00315_7257.png,up,50.0,3032
up/00316_2808.png,up,31.0,1156
up/00317_446.png,up,20.0,42
up/00318_7587.png,up,55.0,3543
up/00319_7586.png,up,55.0,3542
up/00320_7073.png,up,47.0,2729
up/00321_373.png,up,23.0,332
up/00322_7577.png,up,55.0,3526
up/00323_7687.png,up,57.0,3700
up/00324_7871.png,up,59.0,3982
up/00325_3027.png,up,33.0,1375
up/00326_8170.png,up,64.0,4449
up/00327_7846.png,up,59.0,3944
up/00328_7001.png,up,46.0,2616
up/00329_6474.png,up,40.0,2026
up/00330_6510.png,up,40.0,2088
up/00331_7719.png,up,57.0,3747
up/00332_8237.png,up,65.0,4559
up/00333_7493.png,up,54.0,3406
up/00334_2521.png,up,28.0,869
up/00335_7455.png,up,53.0,3342
up/00336_7630.png,up,56.0,3613
up/00337_7993.png,up,61.0,4171
up/00338_2512.png,up,28.0,860
up/00339_7855.png,up,59.0,3959
up/00340_7269.png,up,50.0,3055
up/00341_123.png,up,23.0,384
up/00342_6523.png,up,41.0,2117
up/00343_2190.png,up,25.0,538
up/00344_2683.png,up,30.0,1031
up/00345_2381.png,up,27.0,729
up/00346_6839.png,up,43.0,2337
up/00347_7818.png,up,59.0,3902
up/00348_6610.png,up,42.0,2265
up/00349_2516.png,up,28.0,864
up/00350_7453.png,up,53.0,3340
up/00351_7362.png,up,52.0,3202
up/00352_3247.png,up,35.0,1595
up/00353_6007.png,up,33.0,1344
up/00354_7854.png,up,59.0,3958
up/00355_7258.png,up,50.0,3033
up/00356_5189.png,up,31.0,1143
up/00357_7378.png,up,52.0,3226
up/00358_6843.png,up,43.0,2341
up/00359_3146.png,up,34.0,1494
up/00360_7448.png,up,53.0,3335
up/00361_7463.png,up,53.0,3358
up/00362_2240.png,up,25.0,588
up/00363_7559.png,up,55.0,3500
up/00364_8088.png,up,63.0,4327
up/00365_2431.png,up,27.0,779
up/00366_5614.png,up,31.0,1148
up/00367_6451.png,up,41.0,2143
up/00368_2952.png,up,33.0,1300
up/00369_6557.png,up,41.0,2179
up/00370_6827.png,up,43.0,2315
up/00371_6629.png,up,42.0,2297
up/00372_6766.png,up,42.0,2202
up/00373_7966.png,up,61.0,4130
up/00374_2675.png,up,30.0,1023
up/00375_7170.png,up,48.0,2883
up/00376_7556.png,up,54.0,3497
up/00377_8153.png,up,64.0,4427
up/00378_2721.png,up,30.0,1069
up/00379_3243.png,up,35.0,1591
up/00380_7183.png,up,49.0,2906
up/00381_7212.png,up,49.0,2959
up/00382_6291.png,up,36.0,1628
up/00383_5042.png,up,28.0,815
up/00384_2810.png,up,31.0,1158
up/00385_2341.png,up,26.0,689
up/00386_6871.png,up,43.0,2396
up/00387_6860.png,up,43.0,2372
up/00388_7454.png,up,53.0,3341
up/00389_6578.png,up,42.0,2212
up/00390_3033.png,up,33.0,1381
up/00391_5350.png,up,33.0,1304
up/00392_7938.png,up,60.0,4087
up/00393_3025.png,up,33.0,1373
up/00394_6518.png,up,41.0,2112
up/00395_6499.png,up,40.0,2077
up/00396_6593.png,up,42.0,2236
up/00397_7525.png,up,54.0,3452
up/00398_7745.png,up,57.0,3787
up/00399_7394.png,up,52.0,3251
up/00400_5429.png,up,33.0,1383
up/00401_2426.png,up,27.0,774
up/00402_7870.png,up,59.0,3981
up/00403_2239.png,up,25.0,587
up/00404_3135.png,up,34.0,1483
up/00405_8073.png,up,63.0,4302
up/00406_6592.png,up,42.0,2235
up/00407_7529.png,up,54.0,3456
up/00408_7214.png,up,49.0,2961
up/00409_7817.png,up,59.0,3901
up/00410_7744.png,up,57.0,3786
up/00411_7627.png,up,56.0,3610
up/00412_2472.png,up,28.0,820
up/00413_7219.png,up,49.0,2966
up/00414_7286.png,up,50.0,3084
up/00415_2336.png,up,26.0,684
up/00416_8213.png,up,65.0,4522
up/00417_8166.png,up,64.0,4445
up/00418_8116.png,up,63.0,4367
up/00419_6574.png,up,42.0,2208
up/00420_7860.png,up,59.0,3964
up/00421_2635.png,up,29.0,983
up/00422_7151.png,up,48.0,2853
up/00423_4558.png,up,23.0,331
up/00424_7246.png,up,50.0,3009
up/00425_8019.png,up,62.0,4211
up/00426_2957.png,up,33.0,1305
up/00427_5689.png,up,30.0,1026
up/00428_6781.png,up,42.0,2227
up/00429_6873.png,up,43.0,2398
up/00430_8167.png,up,64.0,4446
up/00431_590.png,up,25.0,581
up/00432_6666.png,up,40.0,2022
up/00433_2428.png,up,27.0,776
up/00434_7361.png,up,52.0,3201
up/00435_7431.png,up,53.0,3312
up/00436_6641.png,up,43.0,2319
up/00437_5492.png,up,30.0,1026
up/00438_8201.png,up,65.0,4504
up/00439_6795.png,up,42.0,2253
up/00440_2958.png,up,33.0,1306
up/00441_7882.png,up,60.0,4001
up/00442_5814.png,up,31.0,1151
up/00443_3147.png,up,34.0,1495
up/00444_7569.png,up,55.0,3518
up/00445_7325.png,up,51.0,3146
up/00446_8101.png,up,63.0,4344
up/00447_8142.png,up,64.0,4406
up/00448_7628.png,up,56.0,3611
up/00449_5573.png,up,31.0,1107
up/00450_2189.png,up,25.0,537
up/00451_7616.png,up,55.0,3591
up/00452_1976.png,up,23.0,324
up/00453_7308.png,up,51.0,3123
up/00454_2955.png,up,33.0,1303
up/00455_6725.png,up,41.0,2140
up/00456_3689.png,up,23.0,328
up/00457_2684.png,up,30.0,1032
up/00458_2916.png,up,32.0,1264
up/00459_8252.png,up,65.0,4581
up/00460_6859.png,up,43.0,2371
up/00461_7273.png,up,50.0,3059
up/00462_7629.png,up,56.0,3612
up/00463_6359.png,up,40.0,2053
up/00464_7355.png,up,51.0,3195
up/00465_2637.png,up,29.0,985
up/00466_3947.png,up,25.0,586
up/00467_3107.png,up,34.0,1455
up/00468_458.png,up,20.0,99
up/00469_8217.png,up,65.0,4526
up/00470_6723.png,up,41.0,2138
up/00471_6845.png,up,43.0,2343
up/00472_3144.png,up,34.0,1492
up/00473_2676.png,up,30.0,1024
up/00474_317.png,up,21.0,105
up/00475_5970.png,up,33.0,1307
up/00476_3209.png,up,35.0,1557
up/00477_7963.png,up,61.0,4127
up/00478_8263.png,up,65.0,4597
up/00479_7068.png,up,47.0,2724
up/00480_7098.png,up,47.0,2776
up/00481_8128.png,up,63.0,4386
up/00482_7688.png,up,57.0,3701
up/00483_7242.png,up,50.0,3005
up/00484_5813.png,up,31.0,1150
up/00485_5072.png,up,30.0,1026
up/00486_7713.png,up,57.0,3741
up/00487_7450.png,up,53.0,3337
up/00488_7137.png,up,48.0,2830
up/00489_7007.png,up,46.0,2622
up/00490_8140.png,up,64.0,4404
up/00491_7617.png,up,55.0,3592
up/00492_552.png,up,23.0,383
up/00493_2243.png,up,25.0,591
up/00494_7314.png,up,51.0,3129
up/00495_6507.png,up,40.0,2085
up/00496_6872.png,up,43.0,2397
up/00497_2725.png,up,30.0,1073
up/00498_7923.png,up,60.0,4065
up/00499_6475.png,up,40.0,2027
up/00500_4760.png,up,25.0,533
up/00501_3214.png,up,35.0,1562
up/00502_6842.png,up,43.0,2340
up/00503_6809.png,up,42.0,2284
up/00504_8238.png,up,65.0,4560
up/00505_3216.png,up,35.0,1564
up/00506_7788.png,up,58.0,3855
up/00507_7416.png,up,52.0,3290
up/00508_7913.png,up,60.0,4048
up/00509_6776.png,up,42.0,2222
up/00510_6223.png,up,35.0,1560
up/00511_6639.png,up,43.0,2317
up/00512_7390.png,up,52.0,3247
up/00513_2632.png,up,29.0,980
up/00514_5575.png,up,31.0,1109
up/00515_7901.png,up,60.0,4028
up/00516_6970.png,up,45.0,2562
up/00517_2918.png,up,32.0,1266
up/00518_2382.png,up,27.0,730
up/00519_6891.png,up,44.0,2426
up/00520_2469.png,up,28.0,817
up/00521_6767.png,up,42.0,2203
up/00522_8242.png,up,65.0,4564
up/00523_6676.png,up,40.0,2046
up/00524_8141.png,up,64.0,4405
up/00525_7156.png,up,48.0,2858
up/00526_437.png,up,26.0,634
up/00527_571.png,up,24.0,484
up/00528_7467.png,up,53.0,3362
up/00529_7926.png,up,60.0,4068
up/00530_7247.png,up,50.0,3010
up/00531_864.png,up,21.0,160
up/00532_305.png,up,20.0,43
up/00533_7418.png,up,52.0,3292
up/00534_7553.png,up,54.0,3494
up/00535_3106.png,up,34.0,1454
up/00536_6336.png,up,40.0,2020
up/00537_3180.png,up,35.0,1528
up/00538_6808.png,up,42.0,2283
up/00539_4715.png,up,24.0,488
up/00540_8169.png,up,64.0,4448
up/00541_7643.png,up,56.0,3634
up/00542_2846.png,up,31.0,1194
up/00543_4154.png,up,21.0,156
up/00544_7523.png,up,54.0,3450
up/00545_3137.png,up,34.0,1485
up/00546_7924.png,up,60.0,4066
up/00547_8031.png,up,62.0,4229
up/00548_6490.png,up,40.0,2056
up/00549_8253.png,up,65.0,4582
up/00550_7842.png,up,59.0,3940
up/00551_2139.png,up,24.0,487
up/00552_7331.png,up,51.0,3152
up/00553_5973.png,up,33.0,1310
up/00554_383.png,up,23.0,386
up/00555_7991.png,up,61.0,4169
up/00556_7572.png,up,55.0,3521
up/00557_7812.png,up,58.0,3896
up/00558_2599.png,up,29.0,947
up/00559_6155.png,up,34.0,1492
up/00560_4714.png,up,24.0,487
up/00561_7542.png,up,54.0,3476
up/00562_420.png,up,25.0,538
up/00563_7698.png,up,57.0,3717
up/00564_7141.png,up,48.0,2834
up/00565_3175.png,up,35.0,1523
up/00566_6835.png,up,43.0,2333
up/00567_6534.png,up,41.0,2142
up/00568_2920.png,up,32.0,1268
up/00569_6638.png,up,43.0,2316
up/00570_7633.png,up,56.0,3616
up/00571_7545.png,up,54.0,3479
up/00572_7648.png,up,56.0,3639
up/00573_3275.png,up,36.0,1623
up/00574_5188.png,up,31.0,1142
up/00575_7978.png,up,61.0,4149
up/00576_7598.png,up,55.0,3564
up/00577_5730.png,up,30.0,1067
up/00578_316.png,up,21.0,104
up/00579_5817.png,up,31.0,1154
up/00580_7787.png,up,58.0,3854
up/00581_2841.png,up,31.0,1189
up/00582_1431.png,up,27.0,727
up/00583_6261.png,up,35.0,1598
up/00584_6502.png,up,40.0,2080
up/00585_7612.png,up,55.0,3587
up/00586_7103.png,up,47.0,2781
up/00587_6189.png,up,35.0,1526
up/00588_6854.png,up,43.0,2366
up/00589_8171.png,up,64.0,4450
up/00590_2914.png,up,32.0,1262
up/00591_2559.png,up,29.0,907
up/00592_5769.png,up,31.0,1106
up/00593_2956.png,up,33.0,1304
up/00594_2557.png,up,29.0,905
up/00595_7909.png,up,60.0,4044
up/00596_8240.png,up,65.0,4562
up/00597_7714.png,up,57.0,3742
up/00598_8027.png,up,62.0,4225
up/00599_6884.png,up,44.0,2419
up/00600_7407.png,up,52.0,3273
up/00601_6875.png,up,44.0,2400
up/00602_7642.png,up,56.0,3633
up/00603_1977.png,up,23.0,325
up/00604_6461.png,up,40.0,2013
up/00605_3177.png,up,35.0,1525
up/00606_7981.png,up,61.0,4152
up/00607_6531.png,up,41.0,2139
up/00608_6589.png,up,42.0,2232
up/00609_7375.png,up,52.0,3223
up/00610_3035.png,up,33.0,1383
up/00611_3136.png,up,34.0,1484
up/00612_7873.png,up,59.0,3984
up/00613_7377.png,up,52.0,3225
up/00614_2592.png,up,29.0,940
up/00615_6467.png,up,40.0,2019
up/00616_7004.png,up,46.0,2619
up/00617_6370.png,up,40.0,2080
up/00618_6558.png,up,41.0,2180
up/00619_7729.png,up,57.0,3764
up/00620_3637.png,up,22.0,276
up/00621_7574.png,up,55.0,3523
up/00622_6663.png,up,40.0,2019
up/00623_7589.png,up,55.0,3545
up/00624_7496.png,up,54.0,3409
up/00625_2476.png,up,28.0,824
up/00626_6485.png,up,40.0,2051
up/00627_2427.png,up,27.0,775
up/00628_7311.png,up,51.0,3126
up/00629_7844.png,up,59.0,3942
up/00630_8251.png,up,65.0,4580
up/00631_6500.png,up,40.0,2078
up/00632_6580.png,up,42.0,2214
up/00633_2679.png,up,30.0,1027
up/00634_8029.png,up,62.0,4227
up/00635_8090.png,up,63.0,4329
up/00636_7419.png,up,52.0,3293
up/00637_83.png,up,22.0,278
up/00638_7329.png,up,51.0,3150
up/00639_3031.png,up,33.0,1379
up/00640_8042.png,up,62.0,4247
up/00641_6541.png,up,41.0,2150
up/00642_8168.png,up,64.0,4447
up/00643_2802.png,up,31.0,1150
up/00644_6727.png,up,41.0,2142
up/00645_8098.png,up,63.0,4341
up/00646_6260.png,up,35.0,1597
up/00647_8158.png,up,64.0,4432
up/00648_7495.png,up,54.0,3408
up/00649_6820.png,up,43.0,2308
up/00650_6515.png,up,41.0,2109
up/00651_7897.png,up,60.0,4024
up/00652_632.png,up,27.0,768
up/00653_7284.png,up,50.0,3082
up/00654_2522.png,up,28.0,870
up/00655_2806.png,up,31.0,1154
up/00656_2925.png,up,32.0,1273
up/00657_3313.png,up,36.0,1661
up/00658_7570.png,up,55.0,3519
up/00659_7705.png,up,57.0,3724
up/00660_4713.png,up,24.0,486
up/00661_7554.png,up,54.0,3495
up/00662_6857.png,up,43.0,2369
up/00663_6577.png,up,42.0,2211
up/00664_3210.png,up,35.0,1558
up/00665_2140.png,up,24.0,488
up/00666_2636.png,up,29.0,984
up/00667_6509.png,up,40.0,2087
up/00668_7155.png,up,48.0,2857
up/00669_7480.png,up,53.0,3383
up/00670_7544.png,up,54.0,3478
up/00671_7359.png,up,51.0,3199
up/00672_8155.png,up,64.0,4429
up/00673_3892.png,up,25.0,531
up/00674_6969.png,up,45.0,2561
up/00675_6807.png,up,42.0,2282
up/00676_7614.png,up,55.0,3589
up/00677_7328.png,up,51.0,3149
up/00678_7371.png,up,52.0,3219
up/00679_3213.png,up,35.0,1561
up/00680_3281.png,up,36.0,1629
up/00681_7.png,up,20.0,37
up/00682_6640.png,up,43.0,2318
up/00683_6187.png,up,35.0,1524
up/00684_3278.png,up,36.0,1626
up/00685_6681.png,up,40.0,2051
up/00686_6825.png,up,43.0,2313
up/00687_8266.png,up,66.0,4600
up/00688_7683.png,up,56.0,3696
up/00689_7104.png,up,47.0,2782
up/00690_6296.png,up,36.0,1633
up/00691_7748.png,up,57.0,3790
up/00692_7327.png,up,51.0,3148
up/00693_7435.png,up,53.0,3316
up/00694_3248.png,up,35.0,1596
up/00695_7775.png,up,58.0,3834
up/00696_8125.png,up,63.0,4383
up/00697_6222.png,up,35.0,1559
up/00698_7310.png,up,51.0,3125
up/00699_3312.png,up,36.0,1660
up/00700_6569.png,up,42.0,2203
up/00701_7790.png,up,58.0,3857
up/00702_2430.png,up,27.0,778
up/00703_7433.png,up,53.0,3314
up/00704_7164.png,up,48.0,2877
up/00705_7887.png,up,60.0,4006
up/00706_7899.png,up,60.0,4026
up/00707_7003.png,up,46.0,2618
up/00708_8038.png,up,62.0,4243
up/00709_7816.png,up,59.0,3900
up/00710_5490.png,up,30.0,1024
up/00711_2804.png,up,31.0,1152
up/00712_7035.png,up,46.0,2672
up/00713_7393.png,up,52.0,3250
up/00714_6623.png,up,42.0,2291
up/00715_6588.png,up,42.0,2231
up/00716_7937.png,up,60.0,4086
up/00717_7163.png,up,48.0,2876
up/00718_8102.png,up,63.0,4345
up/00719_3108.png,up,34.0,1456
up/00720_8087.png,up,63.0,4326
up/00721_6728.png,up,41.0,2143
up/00722_5812.png,up,31.0,1149
up/00723_7181.png,up,49.0,2904
up/00724_6573.png,up,42.0,2207
up/00725_6806.png,up,42.0,2281
up/00726_6452.png,up,41.0,2144
up/00727_7528.png,up,54.0,3455
up/00728_4992.png,up,27.0,765
up/00729_6450.png,up,41.0,2142
up/00730_6779.png,up,42.0,2225
up/00731_7770.png,up,58.0,3829
up/00732_7256.png,up,50.0,3031
up/00733_7478.png,up,53.0,3381
up/00734_6756.png,up,41.0,2192
up/00735_2681.png,up,30.0,1029
up/00736_7732.png,up,57.0,3767
up/00737_7420.png,up,52.0,3294
up/00738_411.png,up,24.0,489
up/00739_4443.png,up,22.0,216
up/00740_7843.png,up,59.0,3941
up/00741_7069.png,up,47.0,2725
up/00742_6044.png,up,33.0,1381
up/00743_6571.png,up,42.0,2205
up/00744_6874.png,up,43.0,2399
up/00745_5152.png,up,31.0,1106
up/00746_8143.png,up,64.0,4407
up/00747_1651.png,up,29.0,947
up/00748_7741.png,up,57.0,3783
up/00749_4267.png,up,20.0,40
up/00750_6043.png,up,33.0,1380
up/00751_2730.png,up,30.0,1078
up/00752_6974.png,up,45.0,2566
up/00753_362.png,up,22.0,275
up/00754_7989.png,up,61.0,4167
up/00755_2953.png,up,33.0,1301
up/00756_3282.png,up,36.0,1630
up/00757_5151.png,up,31.0,1105
up/00758_7869.png,up,59.0,3980
up/00759_2807.png,up,31.0,1155
up/00760_2922.png,up,32.0,1270
up/00761_6506.png,up,40.0,2084
up/00762_7927.png,up,60.0,4069
up/00763_5768.png,up,31.0,1105
up/00764_2338.png,up,26.0,686
up/00765_7150.png,up,48.0,2852
up/00766_8156.png,up,64.0,4430
up/00767_3145.png,up,34.0,1493
up/00768_7749.png,up,57.0,3791
up/00769_7243.png,up,50.0,3006
up/00770_7537.png,up,54.0,3471
up/00771_6257.png,up,35.0,1594
up/00772_4444.png,up,22.0,217
up/00773_7245.png,up,50.0,3008
up/00774_2682.png,up,30.0,1030
up/00775_363.png,up,22.0,276
up/00776_6258.png,up,35.0,1595
up/00777_2680.png,up,30.0,1028
up/00778_2596.png,up,29.0,944
up/00779_7831.png,up,59.0,3922
up/00780_8204.png,up,65.0,4507
up/00781_7270.png,up,50.0,3056
up/00782_6837.png,up,43.0,2335
up/00783_7699.png,up,57.0,3718
up/00784_6664.png,up,40.0,2020
up/00785_7815.png,up,58.0,3899
up/00786_2333.png,up,26.0,681
up/00787_7005.png,up,46.0,2620
up/00788_7733.png,up,57.0,3768
up/00789_7072.png,up,47.0,2728
up/00790_7436.png,up,53.0,3317
up/00791_5427.png,up,33.0,1381
up/00792_7555.png,up,54.0,3496
up/00793_5491.png,up,30.0,1025
up/00794_3311.png,up,36.0,1659
up/00795_572.png,up,24.0,485
up/00796_8018.png,up,62.0,4210
up/00797_8226.png,up,65.0,4541
up/00798_2523.png,up,28.0,871
up/00799_6644.png,up,43.0,2322
up/00800_6758.png,up,41.0,2194
up/00801_8230.png,up,65.0,4545
up/00802_542.png,up,23.0,333
up/00803_6630.png,up,42.0,2298
up/00804_2555.png,up,29.0,903
up/00805_7105.png,up,47.0,2783
up/00806_7730.png,up,57.0,3765
up/00807_8112.png,up,63.0,4363
up/00808_7494.png,up,54.0,3407
up/00809_6665.png,up,40.0,2021
up/00810_6378.png,up,41.0,2109
up/00811_7154.png,up,48.0,2856
up/00812_6643.png,up,43.0,2321
up/00813_6463.png,up,40.0,2015
up/00814_7250.png,up,50.0,3013
up/00815_2595.png,up,29.0,943
up/00816_3139.png,up,34.0,1487
up/00817_6870.png,up,43.0,2395
up/00818_2473.png,up,28.0,821
up/00819_7313.png,up,51.0,3128
up/00820_4502.png,up,22.0,275
up/00821_21.png,up,21.0,103
up/00822_599.png,up,26.0,630
up/00823_8040.png,up,62.0,4245
up/00824_7646.png,up,56.0,3637
up/00825_7392.png,up,52.0,3249
up/00826_2236.png,up,25.0,584
up/00827_804.png,up,21.0,100
up/00828_7908.png,up,60.0,4043
up/00829_6535.png,up,41.0,2143
up/00830_6567.png,up,42.0,2201
up/00831_7430.png,up,53.0,3311
up/00832_6858.png,up,43.0,2370
up/00833_7101.png,up,47.0,2779
up/00834_2838.png,up,31.0,1186
up/00835_4952.png,up,27.0,725
up/00836_7179.png,up,49.0,2902
up/00837_2845.png,up,31.0,1193
up/00838_6805.png,up,42.0,2280
up/00839_3208.png,up,35.0,1556
up/00840_3174.png,up,35.0,1522
up/00841_2562.png,up,29.0,910
up/00842_6645.png,up,43.0,2323
up/00843_7251.png,up,50.0,3014
up/00844_2337.png,up,26.0,685
up/00845_7922.png,up,60.0,4064
up/00846_7841.png,up,59.0,3939
up/00847_2477.png,up,28.0,825
up/00848_2334.png,up,26.0,682
up/00849_7002.png,up,46.0,2617
up/00850_3276.png,up,36.0,1624
up/00851_6654.png,up,43.0,2348
up/00852_7404.png,up,52.0,3270
up/00853_7006.png,up,46.0,2621
up/00854_130.png,up,24.0,434
up/00855_8206.png,up,65.0,4509
up/00856_7786.png,up,58.0,3853
up/00857_8089.png,up,63.0,4328
up/00858_6821.png,up,43.0,2309
up/00859_3279.png,up,36.0,1627
up/00860_7152.png,up,48.0,2854
up/00861_6628.png,up,42.0,2296
up/00862_7438.png,up,53.0,3319
up/00863_6455.png,up,40.0,2004
up/00864_7588.png,up,55.0,3544
up/00865_3211.png,up,35.0,1559
up/00866_5576.png,up,31.0,1110
up/00867_3032.png,up,33.0,1380
up/00868_7575.png,up,55.0,3524
up/00869_5150.png,up,31.0,1104
up/00870_8100.png,up,63.0,4343
up/00871_7526.png,up,54.0,3453
up/00872_6568.png,up,42.0,2202
up/00873_7689.png,up,57.0,3702
up/00874_6622.png,up,42.0,2290
up/00875_1866.png,up,22.0,214
up/00876_2244.png,up,25.0,592
up/00877_6667.png,up,40.0,2023
up/00878_6838.png,up,43.0,2336
up/00879_8105.png,up,63.0,4348
up/00880_131.png,up,24.0,435
up/00881_1751.png,up,20.0,99
up/00882_7272.png,up,50.0,3058
up/00883_7540.png,up,54.0,3474
up/00884_7857.png,up,59.0,3961
up/00885_3277.png,up,36.0,1625
up/00886_6885.png,up,44.0,2420
up/00887_7036.png,up,46.0,2673
up/00888_2474.png,up,28.0,822
up/00889_6006.png,up,33.0,1343
up/00890_7647.png,up,56.0,3638
up/00891_3026.png,up,33.0,1374
up/00892_7602.png,up,55.0,3568
up/00893_7178.png,up,49.0,2901
up/00894_7034.png,up,46.0,2671
up/00895_8218.png,up,65.0,4527
up/00896_3138.png,up,34.0,1486
up/00897_7980.png,up,61.0,4151
up/00898_6591.png,up,42.0,2234
up/00899_6677.png,up,40.0,2047
up/00900_6759.png,up,41.0,2195
up/00901_6972.png,up,45.0,2564
up/00902_8139.png,up,64.0,4403
up/00903_2137.png,up,24.0,485
up/00904_6836.png,up,43.0,2334
up/00905_562.png,up,24.0,433
up/00906_6777.png,up,42.0,2223
up/00907_8157.png,up,64.0,4431
up/00908_3034.png,up,33.0,1382
up/00909_6721.png,up,41.0,2136
up/00910_2387.png,up,27.0,735
up/00911_6154.png,up,34.0,1491
up/00912_2960.png,up,33.0,1308
up/00913_7720.png,up,57.0,3748
up/00914_7040.png,up,46.0,2677
up/00915_1644.png,up,29.0,940
up/00916_6778.png,up,42.0,2224
up/00917_1650.png,up,29.0,946
up/00918_2723.png,up,30.0,1071
up/00919_7479.png,up,53.0,3382
up/00920_2136.png,up,24.0,484
up/00921_6570.png,up,42.0,2204
up/00922_7979.png,up,61.0,4150
up/00923_7912.png,up,60.0,4047
up/00924_6608.png,up,42.0,2263
up/00925_7481.png,up,53.0,3384
up/00926_8013.png,up,62.0,4205
up/00927_6517.png,up,41.0,2111
up/00928_6760.png,up,41.0,2196
up/00929_7716.png,up,57.0,3744
up/00930_1236.png,up,25.0,532
up/00931_3401.png,up,20.0,40
up/00932_7939.png,up,60.0,4088
up/00933_7776.png,up,58.0,3835
up/00934_6627.png,up,42.0,2295
up/00935_7244.png,up,50.0,3007
up/00936_6731.png,up,41.0,2146
up/00937_1237.png,up,25.0,533
up/00938_2917.png,up,32.0,1265
up/00939_3249.png,up,35.0,1597
up/00940_7910.png,up,60.0,4045
up/00941_2561.png,up,29.0,909
up/00942_6533.png,up,41.0,2141
up/00943_8214.png,up,65.0,4523
up/00944_7000.png,up,46.0,2615
up/00945_8152.png,up,64.0,4426
up/00946_7645.png,up,56.0,3636
up/00947_7218.png,up,49.0,2965
up/00948_7138.png,up,48.0,2831
up/00949_7814.png,up,58.0,3898
up/00950_8086.png,up,63.0,4325
up/00951_6483.png,up,40.0,2049
up/00952_7342.png,up,51.0,3172
up/00953_7341.png,up,51.0,3171
up/00954_7704.png,up,57.0,3723
up/00955_3143.png,up,34.0,1491
up/00956_5818.png,up,31.0,1155
up/00957_20.png,up,21.0,102
up/00958_5729.png,up,30.0,1066
up/00959_2598.png,up,29.0,946
up/00960_1285.png,up,25.0,581
up/00961_7883.png,up,60.0,4002
up/00962_6077.png,up,34.0,1414
up/00963_7522.png,up,54.0,3449
up/00964_2848.png,up,31.0,1196
up/00965_6521.png,up,41.0,2115
up/00966_7832.png,up,59.0,3923
down/00967_5825.png,down,31.0,1162
down/00968_256.png,down,21.0,120
down/00969_6686.png,down,40.0,2059
down/00970_6747.png,down,41.0,2173
down/00971_6430.png,down,40.0,2093
down/00972_136.png,down,24.0,486
down/00973_7024.png,down,46.0,2649
down/00974_6771.png,down,42.0,2208
down/00975_7061.png,down,47.0,2708
down/00976_3473.png,down,21.0,112
down/00977_5703.png,down,30.0,1040
down/00978_6125.png,down,34.0,1462
down/00979_7904.png,down,60.0,4033
down/00980_4217.png,down,22.0,219
down/00981_6647.png,down,43.0,2326
down/00982_6398.png,down,40.0,2028
down/00983_5361.png,down,33.0,1315
down/00984_1616.png,down,29.0,912
down/00985_6431.png,down,40.0,2094
down/00986_6960.png,down,45.0,2543
down/00987_4667.png,down,24.0,440
down/00988_5824.png,down,31.0,1161
down/00989_7820.png,down,59.0,3905
down/00990_5743.png,down,30.0,1080
down/00991_7663.png,down,56.0,3661
down/00992_7046.png,down,46.0,2685
down/00993_37.png,down,21.0,163
down/00994_1819.png,down,21.0,167
down/00995_7508.png,down,54.0,3427
down/00996_5205.png,down,31.0,1159
down/00997_3115.png,down,34.0,1463
down/00998_6958.png,down,45.0,2541
down/00999_7425.png,down,53.0,3300
down/01000_4626.png,down,23.0,399
down/01001_7804.png,down,58.0,3879
down/01002_7878.png,down,59.0,3991
down/01003_2290.png,down,26.0,638
down/01004_5539.png,down,30.0,1073
down/01005_8021.png,down,62.0,4215
down/01006_6633.png,down,43.0,2302
down/01007_75.png,down,22.0,235
down/01008_6617.png,down,42.0,2276
down/01009_6902.png,down,44.0,2448
down/01010_7514.png,down,54.0,3433
down/01011_7995.png,down,61.0,4174
down/01012_396.png,down,24.0,444
down/01013_5629.png,down,31.0,1163
down/01014_7171.png,down,48.0,2886
down/01015_1343.png,down,26.0,639
down/01016_6926.png,down,44.0,2484
down/01017_7204.png,down,49.0,2938
down/01018_503.png,down,22.0,229
down/01019_6862.png,down,43.0,2377
down/01020_328.png,down,21.0,161
down/01021_7850.png,down,59.0,3949
down/01022_3254.png,down,36.0,1602
down/01023_400.png,down,24.0,448
down/01024_98.png,down,23.0,332
down/01025_4816.png,down,25.0,589
down/01026_8054.png,down,62.0,4268
down/01027_8003.png,down,61.0,4187
down/01028_7351.png,down,51.0,3184
down/01029_7379.png,down,52.0,3229
down/01030_4216.png,down,22.0,218
down/01031_7679.png,down,56.0,3686
down/01032_8271.png,down,66.0,4607
down/01033_339.png,down,21.0,172
down/01034_7565.png,down,55.0,3508
down/01035_7692.png,down,57.0,3707
down/01036_2293.png,down,26.0,641
down/01037_473.png,down,21.0,164
down/01038_4811.png,down,25.0,584
down/01039_6976.png,down,45.0,2571
down/01040_7323.png,down,51.0,3139
down/01041_6415.png,down,40.0,2059
down/01042_2852.png,down,32.0,1200
down/01043_5089.png,down,30.0,1043
down/01044_6393.png,down,40.0,2023
down/01045_7159.png,down,48.0,2863
down/01046_7889.png,down,60.0,4010
down/01047_6602.png,down,42.0,2247
down/01048_7892.png,down,60.0,4013
down/01049_2999.png,down,33.0,1347
down/01050_6921.png,down,44.0,2479
down/01051_2439.png,down,27.0,787
down/01052_2296.png,down,26.0,644
down/01053_2888.png,down,32.0,1236
down/01054_7222.png,down,49.0,2971
down/01055_2964.png,down,33.0,1312
down/01056_7847.png,down,59.0,3946
down/01057_255.png,down,21.0,119
down/01058_5701.png,down,30.0,1038
down/01059_8046.png,down,62.0,4253
down/01060_2769.png,down,31.0,1117
down/01061_7946.png,down,60.0,4097
down/01062_6829.png,down,43.0,2320
down/01063_2771.png,down,31.0,1119
down/01064_6944.png,down,45.0,2512
down/01065_7146.png,down,48.0,2841
down/01066_39.png,down,21.0,165
down/01067_403.png,down,24.0,451
down/01068_4616.png,down,23.0,389
down/01069_5389.png,down,33.0,1343
down/01070_4823.png,down,25.0,596
down/01071_6831.png,down,43.0,2322
down/01072_6634.png,down,43.0,2303
down/01073_5546.png,down,30.0,1080
down/01074_7264.png,down,50.0,3043
down/01075_8132.png,down,63.0,4391
down/01076_7011.png,down,46.0,2627
down/01077_6560.png,down,41.0,2182
down/01078_5320.png,down,32.0,1274
down/01079_8256.png,down,65.0,4586
down/01080_7410.png,down,52.0,3277
down/01081_5274.png,down,32.0,1228
down/01082_8122.png,down,63.0,4375
down/01083_6353.png,down,40.0,2031
down/01084_30.png,down,21.0,156
down/01085_7549.png,down,54.0,3483
down/01086_8135.png,down,63.0,4394
down/01087_5631.png,down,31.0,1165
down/01088_58.png,down,22.0,218
down/01089_6812.png,down,42.0,2291
down/01090_8024.png,down,62.0,4218
down/01091_8282.png,down,40.0,2013
down/01092_7198.png,down,49.0,2932
down/01093_6441.png,down,41.0,2121
down/01094_7207.png,down,49.0,2941
down/01095_397.png,down,24.0,445
down/01096_7761.png,down,58.0,3812
down/01097_6936.png,down,45.0,2504
down/01098_8281.png,down,40.0,2012
down/01099_8257.png,down,65.0,4587
down/01100_5542.png,down,30.0,1076
down/01101_34.png,down,21.0,160
down/01102_7025.png,down,46.0,2650
down/01103_2095.png,down,24.0,443
down/01104_472.png,down,21.0,163
down/01105_6913.png,down,44.0,2459
down/01106_6301.png,down,36.0,1638
down/01107_6863.png,down,43.0,2378
down/01108_6458.png,down,40.0,2010
down/01109_7821.png,down,59.0,3906
down/01110_475.png,down,21.0,166
down/01111_7318.png,down,51.0,3134
down/01112_95.png,down,23.0,329
down/01113_7470.png,down,53.0,3367
down/01114_6995.png,down,45.0,2598
down/01115_6932.png,down,44.0,2490
down/01116_6545.png,down,41.0,2156
down/01117_5116.png,down,30.0,1070
down/01118_6910.png,down,44.0,2456
down/01119_6987.png,down,45.0,2590
down/01120_527.png,down,22.0,284
down/01121_5313.png,down,32.0,1267
down/01122_33.png,down,21.0,159
down/01123_6416.png,down,40.0,2060
down/01124_3066.png,down,34.0,1414
down/01125_5545.png,down,30.0,1079
down/01126_6942.png,down,45.0,2510
down/01127_7835.png,down,59.0,3928
down/01128_5321.png,down,32.0,1275
down/01129_7423.png,down,52.0,3298
down/01130_7822.png,down,59.0,3907
down/01131_6562.png,down,41.0,2184
down/01132_7236.png,down,49.0,2990
down/01133_7173.png,down,48.0,2888
down/01134_6493.png,down,40.0,2065
down/01135_2527.png,down,28.0,875
down/01136_996.png,down,22.0,292
down/01137_65.png,down,22.0,225
down/01138_5319.png,down,32.0,1273
down/01139_7195.png,down,49.0,2929
down/01140_7498.png,down,54.0,3413
down/01141_244.png,down,21.0,108
down/01142_7848.png,down,59.0,3947
down/01143_3222.png,down,35.0,1570
down/01144_2992.png,down,33.0,1340
down/01145_2092.png,down,24.0,440
down/01146_478.png,down,21.0,169
down/01147_8243.png,down,65.0,4566
down/01148_5864.png,down,32.0,1201
down/01149_7190.png,down,49.0,2916
down/01150_8173.png,down,64.0,4452
down/01151_6713.png,down,41.0,2115
down/01152_6118.png,down,34.0,1455
down/01153_8109.png,down,63.0,4353
down/01154_6584.png,down,42.0,2218
down/01155_6238.png,down,35.0,1575
down/01156_1046.png,down,23.0,342
down/01157_7753.png,down,57.0,3796
down/01158_8219.png,down,65.0,4530
down/01159_8007.png,down,61.0,4191
down/01160_3218.png,down,35.0,1566
down/01161_7654.png,down,56.0,3645
down/01162_7580.png,down,55.0,3531
down/01163_7306.png,down,51.0,3114
down/01164_6789.png,down,42.0,2239
down/01165_987.png,down,22.0,283
down/01166_7639.png,down,56.0,3623
down/01167_5120.png,down,30.0,1074
down/01168_151.png,down,25.0,501
down/01169_6904.png,down,44.0,2450
down/01170_6929.png,down,44.0,2487
down/01171_6410.png,down,40.0,2054
down/01172_6896.png,down,44.0,2432
down/01173_6384.png,down,40.0,2014
down/01174_3002.png,down,33.0,1350
down/01175_6119.png,down,34.0,1456
down/01176_8136.png,down,63.0,4395
down/01177_7131.png,down,48.0,2817
down/01178_7738.png,down,57.0,3774
down/01179_8181.png,down,64.0,4467
down/01180_8060.png,down,62.0,4283
down/01181_5124.png,down,30.0,1078
down/01182_8119.png,down,63.0,4372
down/01183_7950.png,down,61.0,4107
down/01184_7041.png,down,46.0,2680
down/01185_6428.png,down,40.0,2091
down/01186_8232.png,down,65.0,4548
down/01187_7175.png,down,48.0,2890
down/01188_7075.png,down,47.0,2734
down/01189_1044.png,down,23.0,340
down/01190_6811.png,down,42.0,2290
down/01191_43.png,down,21.0,169
down/01192_234.png,down,20.0,98
down/01193_6399.png,down,40.0,2029
down/01194_3526.png,down,21.0,165
down/01195_6268.png,down,36.0,1605
down/01196_6236.png,down,35.0,1573
down/01197_1821.png,down,21.0,169
down/01198_7108.png,down,47.0,2787
down/01199_5941.png,down,32.0,1278
down/01200_8176.png,down,64.0,4455
down/01201_518.png,down,22.0,275
down/01202_3533.png,down,21.0,172
down/01203_4620.png,down,23.0,393
down/01204_2998.png,down,33.0,1346
down/01205_6865.png,down,43.0,2380
down/01206_7877.png,down,59.0,3990
down/01207_7412.png,down,52.0,3279
down/01208_8270.png,down,66.0,4606
down/01209_5438.png,down,33.0,1392
down/01210_6690.png,down,40.0,2077
down/01211_7862.png,down,59.0,3969
down/01212_8210.png,down,65.0,4514
down/01213_7709.png,down,57.0,3731
down/01214_4815.png,down,25.0,588
down/01215_7959.png,down,61.0,4116
down/01216_2853.png,down,32.0,1201
down/01217_7510.png,down,54.0,3429
down/01218_7471.png,down,53.0,3368
down/01219_4668.png,down,24.0,441
down/01220_7833.png,down,59.0,3926
down/01221_7861.png,down,59.0,3968
down/01222_7424.png,down,52.0,3299
down/01223_469.png,down,21.0,160
down/01224_6442.png,down,41.0,2122
down/01225_6739.png,down,41.0,2165
down/01226_7144.png,down,48.0,2839
down/01227_333.png,down,21.0,166
down/01228_5394.png,down,33.0,1348
down/01229_7890.png,down,60.0,4011
down/01230_1043.png,down,23.0,339
down/01231_993.png,down,22.0,289
down/01232_7445.png,down,53.0,3328
down/01233_8094.png,down,63.0,4333
down/01234_8052.png,down,62.0,4266
down/01235_7223.png,down,49.0,2972
down/01236_7903.png,down,60.0,4032
down/01237_7607.png,down,55.0,3576
down/01238_6991.png,down,45.0,2594
down/01239_6646.png,down,43.0,2325
down/01240_5786.png,down,31.0,1123
down/01241_7487.png,down,53.0,3393
down/01242_7084.png,down,47.0,2751
down/01243_7793.png,down,58.0,3860
down/01244_6699.png,down,40.0,2086
down/01245_7381.png,down,52.0,3231
down/01246_7058.png,down,47.0,2705
down/01247_1824.png,down,21.0,172
down/01248_237.png,down,21.0,101
down/01249_8145.png,down,64.0,4411
down/01250_6880.png,down,44.0,2407
down/01251_7994.png,down,61.0,4173
down/01252_42.png,down,21.0,168
down/01253_7366.png,down,52.0,3208
down/01254_6672.png,down,40.0,2030
down/01255_6670.png,down,40.0,2028
down/01256_5940.png,down,32.0,1277
down/01257_6269.png,down,36.0,1606
down/01258_7758.png,down,58.0,3809
down/01259_6267.png,down,36.0,1604
down/01260_5537.png,down,30.0,1071
down/01261_7503.png,down,54.0,3418
down/01262_4219.png,down,22.0,221
down/01263_6303.png,down,36.0,1640
down/01264_5900.png,down,32.0,1237
down/01265_7918.png,down,60.0,4054
down/01266_7130.png,down,48.0,2816
down/01267_3472.png,down,21.0,111
down/01268_47.png,down,21.0,173
down/01269_7396.png,down,52.0,3255
down/01270_8183.png,down,64.0,4469
down/01271_8067.png,down,62.0,4290
down/01272_5856.png,down,31.0,1193
down/01273_8004.png,down,61.0,4188
down/01274_1335.png,down,26.0,631
down/01275_40.png,down,21.0,166
down/01276_6752.png,down,41.0,2178
down/01277_7581.png,down,55.0,3532
down/01278_5540.png,down,30.0,1074
down/01279_7695.png,down,57.0,3710
down/01280_2993.png,down,33.0,1341
down/01281_6477.png,down,40.0,2031
down/01282_7473.png,down,53.0,3370
down/01283_8235.png,down,65.0,4551
down/01284_5541.png,down,30.0,1075
down/01285_6787.png,down,42.0,2237
down/01286_6348.png,down,40.0,2026
down/01287_6737.png,down,41.0,2163
down/01288_7530.png,down,54.0,3457
down/01289_6895.png,down,44.0,2431
down/01290_6409.png,down,40.0,2053
down/01291_4821.png,down,25.0,594
down/01292_220.png,down,20.0,52
down/01293_4813.png,down,25.0,586
down/01294_5238.png,down,31.0,1192
down/01295_6392.png,down,40.0,2022
down/01296_7397.png,down,52.0,3256
down/01297_2929.png,down,32.0,1277
down/01298_7657.png,down,56.0,3655
down/01299_6773.png,down,42.0,2210
down/01300_219.png,down,20.0,51
down/01301_7013.png,down,46.0,2629
down/01302_5534.png,down,30.0,1068
down/01303_6691.png,down,40.0,2078
down/01304_7515.png,down,54.0,3434
down/01305_7674.png,down,56.0,3681
down/01306_2886.png,down,32.0,1234
down/01307_6785.png,down,42.0,2235
down/01308_6850.png,down,43.0,2353
down/01309_5237.png,down,31.0,1191
down/01310_4819.png,down,25.0,592
down/01311_7225.png,down,49.0,2974
down/01312_7591.png,down,55.0,3548
down/01313_7087.png,down,47.0,2754
down/01314_7238.png,down,49.0,2992
down/01315_5115.png,down,30.0,1069
down/01316_213.png,down,20.0,45
down/01317_149.png,down,24.0,499
down/01318_7750.png,down,57.0,3793
down/01319_3536.png,down,21.0,175
down/01320_5704.png,down,30.0,1041
down/01321_524.png,down,22.0,281
down/01322_6422.png,down,40.0,2085
down/01323_5897.png,down,32.0,1234
down/01324_5324.png,down,32.0,1278
down/01325_7724.png,down,57.0,3754
down/01326_6385.png,down,40.0,2015
down/01327_6716.png,down,41.0,2118
down/01328_3065.png,down,34.0,1413
down/01329_7564.png,down,55.0,3507
down/01330_335.png,down,21.0,168
down/01331_7666.png,down,56.0,3664
down/01332_6911.png,down,44.0,2457
down/01333_5935.png,down,32.0,1272
down/01334_5939.png,down,32.0,1276
down/01335_5391.png,down,33.0,1345
down/01336_7045.png,down,46.0,2684
down/01337_7089.png,down,47.0,2756
down/01338_7623.png,down,55.0,3599
down/01339_6939.png,down,45.0,2507
down/01340_8120.png,down,63.0,4373
down/01341_8069.png,down,62.0,4292
down/01342_143.png,down,24.0,493
down/01343_35.png,down,21.0,161
down/01344_2996.png,down,33.0,1344
down/01345_7262.png,down,50.0,3041
down/01346_2570.png,down,29.0,918
down/01347_7009.png,down,46.0,2625
down/01348_3475.png,down,21.0,114
down/01349_3253.png,down,36.0,1601
down/01350_7189.png,down,49.0,2915
down/01351_7348.png,down,51.0,3181
down/01352_6391.png,down,40.0,2021
down/01353_67.png,down,22.0,227
down/01354_7427.png,down,53.0,3302
down/01355_7985.png,down,61.0,4158
down/01356_399.png,down,24.0,447
down/01357_5122.png,down,30.0,1076
down/01358_8268.png,down,66.0,4604
down/01359_7228.png,down,49.0,2982
down/01360_1809.png,down,21.0,157
down/01361_111.png,down,23.0,345
down/01362_45.png,down,21.0,171
down/01363_7707.png,down,57.0,3729
down/01364_6352.png,down,40.0,2030
down/01365_7086.png,down,47.0,2753
down/01366_6954.png,down,45.0,2537
down/01367_5126.png,down,30.0,1080
down/01368_7059.png,down,47.0,2706
down/01369_7056.png,down,47.0,2703
down/01370_4671.png,down,24.0,444
down/01371_332.png,down,21.0,165
down/01372_7172.png,down,48.0,2887
down/01373_5934.png,down,32.0,1271
down/01374_6815.png,down,42.0,2294
down/01375_7971.png,down,61.0,4137
down/01376_8009.png,down,61.0,4193
down/01377_7017.png,down,46.0,2642
down/01378_2090.png,down,24.0,438
down/01379_3354.png,down,20.0,39
down/01380_7534.png,down,54.0,3461
down/01381_8064.png,down,62.0,4287
down/01382_69.png,down,22.0,229
down/01383_115.png,down,23.0,349
down/01384_222.png,down,20.0,54
down/01385_485.png,down,21.0,176
down/01386_7752.png,down,57.0,3795
down/01387_6632.png,down,43.0,2301
down/01388_7624.png,down,56.0,3600
down/01389_8045.png,down,62.0,4252
down/01390_481.png,down,21.0,172
down/01391_6989.png,down,45.0,2592
down/01392_7874.png,down,59.0,3987
down/01393_3071.png,down,34.0,1419
down/01394_2891.png,down,32.0,1239
down/01395_1337.png,down,26.0,633
down/01396_8186.png,down,64.0,4472
down/01397_7088.png,down,47.0,2755
down/01398_6202.png,down,35.0,1539
down/01399_6170.png,down,35.0,1507
down/01400_7998.png,down,61.0,4177
down/01401_6388.png,down,40.0,2018
down/01402_4220.png,down,22.0,222
down/01403_929.png,down,22.0,225
down/01404_223.png,down,20.0,55
down/01405_8196.png,down,64.0,4491
down/01406_7736.png,down,57.0,3772
down/01407_341.png,down,21.0,174
down/01408_8025.png,down,62.0,4219
down/01409_6235.png,down,35.0,1572
down/01410_7676.png,down,56.0,3683
down/01411_7905.png,down,60.0,4034
down/01412_6365.png,down,40.0,2071
down/01413_7902.png,down,60.0,4031
down/01414_6848.png,down,43.0,2351
down/01415_7275.png,down,50.0,3065
down/01416_7864.png,down,59.0,3971
down/01417_610.png,down,26.0,681
down/01418_1818.png,down,21.0,166
down/01419_3795.png,down,24.0,434
down/01420_5088.png,down,30.0,1042
down/01421_5087.png,down,30.0,1041
down/01422_6201.png,down,35.0,1538
down/01423_6717.png,down,41.0,2119
down/01424_7205.png,down,49.0,2939
down/01425_6706.png,down,41.0,2108
down/01426_531.png,down,22.0,288
down/01427_6746.png,down,41.0,2172
down/01428_8195.png,down,64.0,4490
down/01429_7800.png,down,58.0,3875
down/01430_2856.png,down,32.0,1204
down/01431_7502.png,down,54.0,3417
down/01432_7665.png,down,56.0,3663
down/01433_6696.png,down,40.0,2083
down/01434_2089.png,down,24.0,437
down/01435_7121.png,down,48.0,2807
down/01436_6366.png,down,40.0,2072
down/01437_8284.png,down,40.0,2015
down/01438_3474.png,down,21.0,113
down/01439_506.png,down,22.0,232
down/01440_6769.png,down,42.0,2206
down/01441_4675.png,down,24.0,448
down/01442_7500.png,down,54.0,3415
down/01443_66.png,down,22.0,226
down/01444_104.png,down,23.0,338
down/01445_48.png,down,21.0,174
down/01446_7933.png,down,60.0,4076
down/01447_5121.png,down,30.0,1075
down/01448_64.png,down,22.0,224
down/01449_6937.png,down,45.0,2505
down/01450_7237.png,down,49.0,2991
down/01451_5206.png,down,31.0,1160
down/01452_988.png,down,22.0,284
down/01453_7336.png,down,51.0,3160
down/01454_6898.png,down,44.0,2434
down/01455_4221.png,down,22.0,223
down/01456_3360.png,down,20.0,45
down/01457_7123.png,down,48.0,2809
down/01458_6700.png,down,40.0,2087
down/01459_7456.png,down,53.0,3345
down/01460_6988.png,down,45.0,2591
down/01461_5397.png,down,33.0,1351
down/01462_7803.png,down,58.0,3878
down/01463_7082.png,down,47.0,2749
down/01464_6996.png,down,45.0,2599
down/01465_7948.png,down,61.0,4105
down/01466_113.png,down,23.0,347
down/01467_7460.png,down,53.0,3349
down/01468_3352.png,down,20.0,37
down/01469_615.png,down,26.0,686
down/01470_3461.png,down,21.0,100
down/01471_8233.png,down,65.0,4549
down/01472_6345.png,down,40.0,2023
down/01473_3041.png,down,33.0,1389
down/01474_5535.png,down,30.0,1069
down/01475_3466.png,down,21.0,105
down/01476_8198.png,down,64.0,4493
down/01477_5895.png,down,32.0,1232
down/01478_7593.png,down,55.0,3550
down/01479_7956.png,down,61.0,4113
down/01480_3799.png,down,24.0,438
down/01481_2442.png,down,27.0,790
down/01482_3471.png,down,21.0,110
down/01483_7475.png,down,53.0,3372
down/01484_941.png,down,22.0,237
down/01485_3348.png,down,20.0,33
down/01486_7398.png,down,52.0,3257
down/01487_6460.png,down,40.0,2012
down/01488_145.png,down,24.0,495
down/01489_6879.png,down,44.0,2406
down/01490_5243.png,down,31.0,1197
down/01491_8082.png,down,63.0,4312
down/01492_7754.png,down,57.0,3797
down/01493_500.png,down,22.0,226
down/01494_3797.png,down,24.0,436
down/01495_8057.png,down,62.0,4271
down/01496_7094.png,down,47.0,2761
down/01497_5896.png,down,32.0,1233
down/01498_3465.png,down,21.0,104
down/01499_495.png,down,22.0,221
down/01500_6172.png,down,35.0,1509
down/01501_5118.png,down,30.0,1072
down/01502_6977.png,down,45.0,2572
down/01503_7200.png,down,49.0,2934
down/01504_6346.png,down,40.0,2024
down/01505_7201.png,down,49.0,2935
down/01506_7124.png,down,48.0,2810
down/01507_7836.png,down,59.0,3929
down/01508_7085.png,down,47.0,2752
down/01509_8062.png,down,62.0,4285
down/01510_7808.png,down,58.0,3883
down/01511_6814.png,down,42.0,2293
down/01512_6302.png,down,36.0,1639
down/01513_5702.png,down,30.0,1039
down/01514_2733.png,down,30.0,1081
down/01515_8258.png,down,65.0,4588
down/01516_1815.png,down,21.0,163
down/01517_6750.png,down,41.0,2176
down/01518_6864.png,down,43.0,2379
down/01519_7050.png,down,46.0,2697
down/01520_6367.png,down,40.0,2073
down/01521_997.png,down,22.0,293
down/01522_7414.png,down,52.0,3281
down/01523_3256.png,down,36.0,1604
down/01524_3153.png,down,35.0,1501
down/01525_6120.png,down,34.0,1457
down/01526_214.png,down,20.0,46
down/01527_7365.png,down,52.0,3207
down/01528_3468.png,down,21.0,107
down/01529_253.png,down,21.0,117
down/01530_5283.png,down,32.0,1237
down/01531_7193.png,down,49.0,2927
down/01532_7291.png,down,50.0,3091
down/01533_7303.png,down,51.0,3111
down/01534_6597.png,down,42.0,2242
down/01535_484.png,down,21.0,175
down/01536_8148.png,down,64.0,4414
down/01537_5630.png,down,31.0,1164
down/01538_7409.png,down,52.0,3276
down/01539_7266.png,down,50.0,3045
down/01540_6408.png,down,40.0,2052
down/01541_7722.png,down,57.0,3752
down/01542_2965.png,down,33.0,1313
down/01543_476.png,down,21.0,167
down/01544_6237.png,down,35.0,1574
down/01545_6683.png,down,40.0,2056
down/01546_5893.png,down,32.0,1230
down/01547_7970.png,down,61.0,4136
down/01548_7735.png,down,57.0,3771
down/01549_70.png,down,22.0,230
down/01550_470.png,down,21.0,161
down/01551_2879.png,down,32.0,1227
down/01552_3068.png,down,34.0,1416
down/01553_3462.png,down,21.0,101
down/01554_7592.png,down,55.0,3549
down/01555_6368.png,down,40.0,2074
down/01556_5932.png,down,32.0,1269
down/01557_6830.png,down,43.0,2321
down/01558_6342.png,down,40.0,2020
down/01559_7276.png,down,50.0,3066
down/01560_6404.png,down,40.0,2048
down/01561_6920.png,down,44.0,2478
down/01562_4621.png,down,23.0,394
down/01563_6906.png,down,44.0,2452
down/01564_7199.png,down,49.0,2933
down/01565_93.png,down,23.0,327
down/01566_7532.png,down,54.0,3459
down/01567_4673.png,down,24.0,446
down/01568_7049.png,down,46.0,2696
down/01569_4617.png,down,23.0,390
down/01570_7795.png,down,58.0,3862
down/01571_8163.png,down,64.0,4437
down/01572_8051.png,down,62.0,4265
down/01573_96.png,down,23.0,330
down/01574_7763.png,down,58.0,3814
down/01575_528.png,down,22.0,285
down/01576_77.png,down,22.0,237
down/01577_934.png,down,22.0,230
down/01578_7143.png,down,48.0,2838
down/01579_8287.png,down,40.0,2018
down/01580_5090.png,down,30.0,1044
down/01581_8034.png,down,62.0,4233
down/01582_7289.png,down,50.0,3089
down/01583_7319.png,down,51.0,3135
down/01584_5273.png,down,32.0,1227
down/01585_8192.png,down,64.0,4487
down/01586_7952.png,down,61.0,4109
down/01587_5285.png,down,32.0,1239
down/01588_7499.png,down,54.0,3414
down/01589_6961.png,down,45.0,2544
down/01590_985.png,down,22.0,281
down/01591_5236.png,down,31.0,1190
down/01592_7111.png,down,47.0,2790
down/01593_5284.png,down,32.0,1238
down/01594_7838.png,down,59.0,3931
down/01595_7265.png,down,50.0,3044
down/01596_3476.png,down,21.0,115
down/01597_7797.png,down,58.0,3864
down/01598_7227.png,down,49.0,2981
down/01599_3469.png,down,21.0,108
down/01600_6964.png,down,45.0,2547
down/01601_8131.png,down,63.0,4390
down/01602_7043.png,down,46.0,2682
down/01603_6394.png,down,40.0,2024
down/01604_7778.png,down,58.0,3838
down/01605_8175.png,down,64.0,4454
down/01606_7954.png,down,61.0,4111
down/01607_247.png,down,21.0,111
down/01608_2995.png,down,33.0,1343
down/01609_5894.png,down,32.0,1231
down/01610_6459.png,down,40.0,2011
down/01611_5742.png,down,30.0,1079
down/01612_5741.png,down,30.0,1078
down/01613_7669.png,down,56.0,3676
down/01614_3535.png,down,21.0,174
down/01615_6867.png,down,43.0,2382
down/01616_7335.png,down,51.0,3159
down/01617_4822.png,down,25.0,595
down/01618_6903.png,down,44.0,2449
down/01619_6943.png,down,45.0,2511
down/01620_6912.png,down,44.0,2458
down/01621_8020.png,down,62.0,4214
down/01622_3527.png,down,21.0,166
down/01623_7983.png,down,61.0,4156
down/01624_6669.png,down,40.0,2027
down/01625_3078.png,down,34.0,1426
down/01626_1346.png,down,26.0,642
down/01627_6583.png,down,42.0,2217
down/01628_7606.png,down,55.0,3575
down/01629_5436.png,down,33.0,1390
down/01630_6121.png,down,34.0,1458
down/01631_8246.png,down,65.0,4569
down/01632_6736.png,down,41.0,2162
down/01633_7929.png,down,60.0,4072
down/01634_8283.png,down,40.0,2014
down/01635_7230.png,down,49.0,2984
down/01636_6927.png,down,44.0,2485
down/01637_6685.png,down,40.0,2058
down/01638_1816.png,down,21.0,164
down/01639_3186.png,down,35.0,1534
down/01640_99.png,down,23.0,333
down/01641_6744.png,down,41.0,2170
down/01642_6963.png,down,45.0,2546
down/01643_516.png,down,22.0,273
down/01644_7737.png,down,57.0,3773
down/01645_7127.png,down,48.0,2813
down/01646_5536.png,down,30.0,1070
down/01647_5390.png,down,33.0,1344
down/01648_1040.png,down,23.0,336
down/01649_7562.png,down,55.0,3505
down/01650_7142.png,down,48.0,2837
down/01651_7550.png,down,54.0,3484
down/01652_7305.png,down,51.0,3113
down/01653_110.png,down,23.0,344
down/01654_507.png,down,22.0,233
down/01655_3528.png,down,21.0,167
down/01656_6350.png,down,40.0,2028
down/01657_393.png,down,24.0,441
down/01658_6429.png,down,40.0,2092
down/01659_7112.png,down,47.0,2791
down/01660_7677.png,down,56.0,3684
down/01661_3798.png,down,24.0,437
down/01662_6697.png,down,40.0,2084
down/01663_4218.png,down,22.0,220
down/01664_6849.png,down,43.0,2352
down/01665_7875.png,down,59.0,3988
down/01666_6909.png,down,44.0,2455
down/01667_7145.png,down,48.0,2840
down/01668_6443.png,down,41.0,2123
down/01669_6978.png,down,45.0,2573
down/01670_5396.png,down,33.0,1350
down/01671_4812.png,down,25.0,585
down/01672_63.png,down,22.0,223
down/01673_6916.png,down,44.0,2462
down/01674_6694.png,down,40.0,2081
down/01675_7019.png,down,46.0,2644
down/01676_7566.png,down,55.0,3509
down/01677_5901.png,down,32.0,1238
down/01678_7334.png,down,51.0,3158
down/01679_7653.png,down,56.0,3644
down/01680_7174.png,down,48.0,2889
down/01681_250.png,down,21.0,114
down/01682_6616.png,down,42.0,2275
down/01683_6601.png,down,42.0,2246
down/01684_1340.png,down,26.0,636
down/01685_5125.png,down,30.0,1079
down/01686_6941.png,down,45.0,2509
down/01687_2766.png,down,31.0,1114
down/01688_3806.png,down,24.0,445
down/01689_8022.png,down,62.0,4216
down/01690_31.png,down,21.0,157
down/01691_5239.png,down,31.0,1193
down/01692_3154.png,down,35.0,1502
down/01693_7484.png,down,53.0,3390
down/01694_2768.png,down,31.0,1116
down/01695_6343.png,down,40.0,2021
down/01696_5862.png,down,31.0,1199
down/01697_8193.png,down,64.0,4488
down/01698_8209.png,down,65.0,4513
down/01699_5938.png,down,32.0,1275
down/01700_7608.png,down,55.0,3577
down/01701_5744.png,down,30.0,1081
down/01702_8161.png,down,64.0,4435
down/01703_211.png,down,20.0,43
down/01704_5323.png,down,32.0,1277
down/01705_6423.png,down,40.0,2086
down/01706_6476.png,down,40.0,2030
down/01707_5171.png,down,31.0,1125
down/01708_6949.png,down,45.0,2517
down/01709_114.png,down,23.0,348
down/01710_7823.png,down,59.0,3908
down/01711_3286.png,down,36.0,1634
down/01712_7694.png,down,57.0,3709
down/01713_3150.png,down,34.0,1498
down/01714_402.png,down,24.0,450
down/01715_7051.png,down,46.0,2698
down/01716_7320.png,down,51.0,3136
down/01717_8033.png,down,62.0,4232
down/01718_6751.png,down,41.0,2177
down/01719_6126.png,down,34.0,1463
down/01720_7799.png,down,58.0,3874
down/01721_2099.png,down,24.0,447
down/01722_2889.png,down,32.0,1237
down/01723_61.png,down,22.0,221
down/01724_243.png,down,21.0,107
down/01725_7920.png,down,60.0,4056
down/01726_6412.png,down,40.0,2056
down/01727_6955.png,down,45.0,2538
down/01728_6945.png,down,45.0,2513
down/01729_6712.png,down,41.0,2114
down/01730_7635.png,down,56.0,3619
down/01731_6698.png,down,40.0,2085
down/01732_7382.png,down,52.0,3232
down/01733_8002.png,down,61.0,4186
down/01734_102.png,down,23.0,336
down/01735_8056.png,down,62.0,4270
down/01736_533.png,down,22.0,290
down/01737_3531.png,down,21.0,170
down/01738_7442.png,down,53.0,3325
down/01739_7197.png,down,49.0,2931
down/01740_7579.png,down,55.0,3530
down/01741_3467.png,down,21.0,106
down/01742_8182.png,down,64.0,4468
down/01743_2441.png,down,27.0,789
down/01744_4625.png,down,23.0,398
down/01745_7107.png,down,47.0,2786
down/01746_7119.png,down,48.0,2805
down/01747_2732.png,down,30.0,1080
down/01748_4624.png,down,23.0,397
down/01749_7760.png,down,58.0,3811
down/01750_4818.png,down,25.0,591
down/01751_142.png,down,24.0,492
down/01752_8185.png,down,64.0,4471
down/01753_72.png,down,22.0,232
down/01754_7906.png,down,60.0,4035
down/01755_7203.png,down,49.0,2937
down/01756_7533.png,down,54.0,3460
down/01757_7517.png,down,54.0,3436
down/01758_5275.png,down,32.0,1229
down/01759_7806.png,down,58.0,3881
down/01760_5860.png,down,31.0,1197
down/01761_7229.png,down,49.0,2983
down/01762_3004.png,down,33.0,1352
down/01763_935.png,down,22.0,231
down/01764_8234.png,down,65.0,4550
down/01765_248.png,down,21.0,112
down/01766_6959.png,down,45.0,2542
down/01767_494.png,down,22.0,220
down/01768_5863.png,down,32.0,1200
down/01769_6735.png,down,41.0,2161
down/01770_7739.png,down,57.0,3775
down/01771_7235.png,down,49.0,2989
down/01772_4622.png,down,23.0,395
down/01773_5538.png,down,30.0,1072
down/01774_6478.png,down,40.0,2032
down/01775_7440.png,down,53.0,3323
down/01776_2880.png,down,32.0,1228
down/01777_521.png,down,22.0,278
down/01778_8244.png,down,65.0,4567
down/01779_1813.png,down,21.0,161
down/01780_7805.png,down,58.0,3880
down/01781_5170.png,down,31.0,1124
down/01782_5903.png,down,32.0,1240
down/01783_5785.png,down,31.0,1122
down/01784_4672.png,down,24.0,445
down/01785_6908.png,down,44.0,2454
down/01786_8107.png,down,63.0,4351
down/01787_8245.png,down,65.0,4568
down/01788_8032.png,down,62.0,4231
down/01789_7516.png,down,54.0,3435
down/01790_6304.png,down,36.0,1641
down/01791_7120.png,down,48.0,2806
down/01792_4618.png,down,23.0,391
down/01793_8285.png,down,40.0,2016
down/01794_7333.png,down,51.0,3157
down/01795_6915.png,down,44.0,2461
down/01796_8147.png,down,64.0,4413
down/01797_7044.png,down,46.0,2683
down/01798_2736.png,down,30.0,1084
down/01799_5936.png,down,32.0,1273
down/01800_2569.png,down,29.0,917
down/01801_7671.png,down,56.0,3678
down/01802_6914.png,down,44.0,2460
down/01803_8162.png,down,64.0,4436
down/01804_7609.png,down,55.0,3578
down/01805_3077.png,down,34.0,1425
down/01806_6407.png,down,40.0,2051
down/01807_5282.png,down,32.0,1236
down/01808_2735.png,down,30.0,1083
down/01809_6743.png,down,41.0,2169
down/01810_6648.png,down,43.0,2327
down/01811_4615.png,down,23.0,388
down/01812_7945.png,down,60.0,4096
down/01813_8220.png,down,65.0,4531
down/01814_7187.png,down,49.0,2913
down/01815_6745.png,down,41.0,2171
down/01816_984.png,down,22.0,280
down/01817_7458.png,down,53.0,3347
down/01818_7678.png,down,56.0,3685
down/01819_7018.png,down,46.0,2643
down/01820_6695.png,down,40.0,2082
down/01821_7278.png,down,50.0,3068
down/01822_1049.png,down,23.0,345
down/01823_938.png,down,22.0,234
down/01824_925.png,down,22.0,221
down/01825_7078.png,down,47.0,2737
down/01826_6389.png,down,40.0,2019
down/01827_7849.png,down,59.0,3948
down/01828_8095.png,down,63.0,4334
down/01829_7030.png,down,46.0,2655
down/01830_7399.png,down,52.0,3258
down/01831_6598.png,down,42.0,2243
down/01832_7290.png,down,50.0,3090
down/01833_7055.png,down,47.0,2702
down/01834_7057.png,down,47.0,2704
down/01835_7457.png,down,53.0,3346
down/01836_5942.png,down,32.0,1279
down/01837_6901.png,down,44.0,2447
down/01838_7563.png,down,55.0,3506
down/01839_7951.png,down,61.0,4108
down/01840_6922.png,down,44.0,2480
down/01841_7010.png,down,46.0,2626
down/01842_7383.png,down,52.0,3233
down/01843_240.png,down,21.0,104
down/01844_926.png,down,22.0,222
down/01845_7944.png,down,60.0,4095
down/01846_2482.png,down,28.0,830
down/01847_1347.png,down,26.0,643
down/01848_5543.png,down,30.0,1077
down/01849_6881.png,down,44.0,2408
down/01850_3794.png,down,24.0,433
down/01851_2098.png,down,24.0,446
down/01852_8093.png,down,63.0,4332
down/01853_8208.png,down,65.0,4512
down/01854_7638.png,down,56.0,3622
down/01855_60.png,down,22.0,220
down/01856_4223.png,down,22.0,225
down/01857_5855.png,down,31.0,1192
down/01858_5233.png,down,31.0,1187
down/01859_7060.png,down,47.0,2707
down/01860_7194.png,down,49.0,2928
down/01861_329.png,down,21.0,162
down/01862_5902.png,down,32.0,1239
down/01863_6684.png,down,40.0,2057
down/01864_7672.png,down,56.0,3679
down/01865_7561.png,down,55.0,3504
down/01866_7675.png,down,56.0,3682
down/01867_6631.png,down,43.0,2300
down/01868_8197.png,down,64.0,4492
down/01869_6950.png,down,45.0,2518
down/01870_8123.png,down,63.0,4376
down/01871_7233.png,down,49.0,2987
down/01872_6494.png,down,40.0,2066
down/01873_4666.png,down,24.0,439
down/01874_8050.png,down,62.0,4264
down/01875_8121.png,down,63.0,4374
down/01876_8061.png,down,62.0,4284
down/01877_7485.png,down,53.0,3391
down/01878_6387.png,down,40.0,2017
down/01879_501.png,down,22.0,227
down/01880_4814.png,down,25.0,587
down/01881_6599.png,down,42.0,2244
down/01882_7395.png,down,52.0,3254
down/01883_7622.png,down,55.0,3598
down/01884_7302.png,down,51.0,3110
down/01885_3803.png,down,24.0,442
down/01886_525.png,down,22.0,282
down/01887_6600.png,down,42.0,2245
down/01888_6351.png,down,40.0,2029
down/01889_246.png,down,21.0,110
down/01890_3529.png,down,21.0,168
down/01891_612.png,down,26.0,683
down/01892_7426.png,down,53.0,3301
down/01893_7511.png,down,54.0,3430
down/01894_7931.png,down,60.0,4074
down/01895_7020.png,down,46.0,2645
down/01896_7428.png,down,53.0,3303
down/01897_7801.png,down,58.0,3876
down/01898_7625.png,down,56.0,3601
down/01899_4676.png,down,24.0,449
down/01900_7762.png,down,58.0,3813
down/01901_6204.png,down,35.0,1541
down/01902_330.png,down,21.0,163
down/01903_3525.png,down,21.0,164
down/01904_7996.png,down,61.0,4175
down/01905_3530.png,down,21.0,169
down/01906_6527.png,down,41.0,2126
down/01907_7501.png,down,54.0,3416
down/01908_8092.png,down,63.0,4331
down/01909_7658.png,down,56.0,3656
down/01910_8269.png,down,66.0,4605
down/01911_7411.png,down,52.0,3278
down/01912_3534.png,down,21.0,173
down/01913_6905.png,down,44.0,2451
down/01914_7512.png,down,54.0,3431
down/01915_4677.png,down,24.0,450
down/01916_3074.png,down,34.0,1422
down/01917_7126.png,down,48.0,2812
down/01918_4623.png,down,23.0,396
down/01919_4614.png,down,23.0,387
down/01920_932.png,down,22.0,228
down/01921_6406.png,down,40.0,2050
down/01922_5898.png,down,32.0,1235
down/01923_8068.png,down,62.0,4291
down/01924_5277.png,down,32.0,1231
down/01925_8188.png,down,64.0,4474
down/01926_7693.png,down,57.0,3708
down/01927_8080.png,down,63.0,4310
down/01928_103.png,down,23.0,337
down/01929_994.png,down,22.0,290
down/01930_7347.png,down,51.0,3180
down/01931_5823.png,down,31.0,1160
down/01932_7474.png,down,53.0,3371
down/01933_6738.png,down,41.0,2164
down/01934_7441.png,down,53.0,3324
down/01935_6992.png,down,45.0,2595
down/01936_7093.png,down,47.0,2760
down/01937_6948.png,down,45.0,2516
down/01938_7691.png,down,57.0,3706
down/01939_5316.png,down,32.0,1270
down/01940_7824.png,down,59.0,3909
down/01941_7363.png,down,52.0,3205
down/01942_7915.png,down,60.0,4051
down/01943_7891.png,down,60.0,4012
down/01944_6397.png,down,40.0,2027
down/01945_3470.png,down,21.0,109
down/01946_1341.png,down,26.0,637
down/01947_6546.png,down,41.0,2157
down/01948_6305.png,down,36.0,1642
down/01949_7444.png,down,53.0,3327
down/01950_7117.png,down,48.0,2803
down/01951_5315.png,down,32.0,1269
down/01952_7443.png,down,53.0,3326
down/01953_7090.png,down,47.0,2757
down/01954_6790.png,down,42.0,2240
down/01955_8187.png,down,64.0,4473
down/01956_7221.png,down,49.0,2970
down/01957_7919.png,down,60.0,4055
down/01958_6349.png,down,40.0,2027
down/01959_5364.png,down,33.0,1318
down/01960_4674.png,down,24.0,447
down/01961_7350.png,down,51.0,3183
down/01962_6386.png,down,40.0,2016
down/01963_6411.png,down,40.0,2055
down/01964_8035.png,down,62.0,4234
down/01965_7023.png,down,46.0,2648
down/01966_7725.png,down,57.0,3755
down/01967_6496.png,down,40.0,2068
down/01968_238.png,down,21.0,102
down/01969_7637.png,down,56.0,3621
down/01970_7759.png,down,58.0,3810
down/01971_4619.png,down,23.0,392
down/01972_147.png,down,24.0,497
down/01973_7472.png,down,53.0,3369
down/01974_8106.png,down,63.0,4350
down/01975_5363.png,down,33.0,1317
down/01976_3357.png,down,20.0,42
down/01977_235.png,down,20.0,99
down/01978_5826.png,down,31.0,1163
down/01979_3805.png,down,24.0,444
down/01980_146.png,down,24.0,496
down/01981_8222.png,down,65.0,4533
down/01982_7509.png,down,54.0,3428
down/01983_7968.png,down,61.0,4134
down/01984_3289.png,down,36.0,1637
down/01985_6432.png,down,40.0,2095
down/01986_5280.png,down,32.0,1234
down/01987_8023.png,down,62.0,4217
down/01988_217.png,down,20.0,49
down/01989_5278.png,down,32.0,1232
down/01990_3288.png,down,36.0,1636
down/01991_6440.png,down,41.0,2120
down/01992_6526.png,down,41.0,2125
down/01993_7092.png,down,47.0,2759
down/01994_8048.png,down,62.0,4255
down/01995_7304.png,down,51.0,3112
down/01996_3807.png,down,24.0,446
down/01997_8108.png,down,63.0,4352
down/01998_3351.png,down,20.0,36
down/01999_3800.png,down,24.0,439
down/02000_4817.png,down,25.0,590
down/02001_5859.png,down,31.0,1196
down/02002_3185.png,down,35.0,1533
down/02003_1822.png,down,21.0,170
down/02004_7984.png,down,61.0,4157
down/02005_7930.png,down,60.0,4073
down/02006_6709.png,down,41.0,2111
down/02007_6701.png,down,40.0,2088
down/02008_4810.png,down,25.0,583
down/02009_7547.png,down,54.0,3481
down/02010_616.png,down,26.0,687
down/02011_3532.png,down,21.0,171
down/02012_6614.png,down,42.0,2273
down/02013_7837.png,down,59.0,3930
down/02014_7659.png,down,56.0,3657
down/02015_6421.png,down,40.0,2084
down/02016_8211.png,down,65.0,4515
down/02017_931.png,down,22.0,227
down/02018_7943.png,down,60.0,4094
down/02019_7052.png,down,46.0,2699
down/02020_7949.png,down,61.0,4106
down/02021_2093.png,down,24.0,441
down/02022_7054.png,down,47.0,2701
down/02023_1041.png,down,23.0,337
down/02024_7851.png,down,59.0,3950
down/02025_7129.png,down,48.0,2815
down/02026_3796.png,down,24.0,435
down/02027_7796.png,down,58.0,3863
down/02028_105.png,down,23.0,339
down/02029_6947.png,down,45.0,2515
down/02030_7664.png,down,56.0,3662
down/02031_8133.png,down,63.0,4392
down/02032_6990.png,down,45.0,2593
down/02033_6946.png,down,45.0,2514
down/02034_7027.png,down,46.0,2652
down/02035_6427.png,down,40.0,2090
down/02036_928.png,down,22.0,224
down/02037_7128.png,down,48.0,2814
down/02038_101.png,down,23.0,335
down/02039_7053.png,down,47.0,2700
down/02040_249.png,down,21.0,113
down/02041_8096.png,down,63.0,4335
down/02042_530.png,down,22.0,287
down/02043_6715.png,down,41.0,2117
down/02044_7337.png,down,51.0,3161
down/02045_8194.png,down,64.0,4489
down/02046_6866.png,down,43.0,2381
down/02047_2927.png,down,32.0,1275
down/02048_8146.png,down,64.0,4412
down/02049_7781.png,down,58.0,3841
down/02050_7322.png,down,51.0,3138
down/02051_7513.png,down,54.0,3432
down/02052_2765.png,down,31.0,1113
down/02053_8055.png,down,62.0,4269
down/02054_6347.png,down,40.0,2025
down/02055_5858.png,down,31.0,1195
down/02056_3040.png,down,33.0,1388
down/02057_5207.png,down,31.0,1161
down/02058_7834.png,down,59.0,3927
down/02059_5117.png,down,30.0,1071
down/02060_49.png,down,21.0,175
down/02061_401.png,down,24.0,449
down/02062_6924.png,down,44.0,2482
down/02063_5279.png,down,32.0,1233
down/02064_327.png,down,21.0,160
down/02065_6413.png,down,40.0,2057
down/02066_7488.png,down,53.0,3394
down/02067_7263.png,down,50.0,3042
down/02068_6270.png,down,36.0,1607
down/02069_2298.png,down,26.0,646
down/02070_7766.png,down,58.0,3817
down/02071_6692.png,down,40.0,2079
down/02072_2485.png,down,28.0,833
down/02073_7413.png,down,52.0,3280
down/02074_5241.png,down,31.0,1195
down/02075_7652.png,down,56.0,3643
down/02076_6980.png,down,45.0,2575
down/02077_7077.png,down,47.0,2736
down/02078_7261.png,down,50.0,3040
down/02079_8259.png,down,65.0,4589
down/02080_7080.png,down,47.0,2747
down/02081_6122.png,down,34.0,1459
down/02082_940.png,down,22.0,236
down/02083_338.png,down,21.0,171
down/02084_7605.png,down,55.0,3574
down/02085_3358.png,down,20.0,43
down/02086_7876.png,down,59.0,3989
down/02087_990.png,down,22.0,286
down/02088_6543.png,down,41.0,2154
down/02089_6424.png,down,40.0,2087
down/02090_6798.png,down,42.0,2262
down/02091_3463.png,down,21.0,102
down/02092_6671.png,down,40.0,2029
down/02093_7792.png,down,58.0,3859
down/02094_6994.png,down,45.0,2597
down/02095_6832.png,down,43.0,2323
down/02096_7941.png,down,60.0,4092
down/02097_7794.png,down,58.0,3861
down/02098_7955.png,down,61.0,4112
down/02099_152.png,down,25.0,502
down/02100_3075.png,down,34.0,1423
down/02101_522.png,down,22.0,279
down/02102_6938.png,down,45.0,2506
down/02103_3114.png,down,34.0,1462
down/02104_4224.png,down,22.0,226
down/02105_46.png,down,21.0,172
down/02106_6708.png,down,41.0,2110
down/02107_6668.png,down,40.0,2026
down/02108_8174.png,down,64.0,4453
down/02109_6124.png,down,34.0,1461
down/02110_4222.png,down,22.0,224
down/02111_148.png,down,24.0,498
down/02112_5937.png,down,32.0,1274
down/02113_140.png,down,24.0,490
down/02114_7650.png,down,56.0,3641
down/02115_7660.png,down,56.0,3658
down/02116_7026.png,down,46.0,2651
right/02117_4235.png,right,20.0,8
right/02118_1982.png,right,23.0,330
right/02119_1155.png,right,24.0,451
right/02120_314.png,right,20.0,97
right/02121_6816.png,right,42.0,2295
right/02122_4970.png,right,27.0,743
right/02123_7220.png,right,49.0,2967
right/02124_6511.png,right,40.0,2093
right/02125_5670.png,right,30.0,1007
right/02126_7113.png,right,47.0,2792
right/02127_5567.png,right,31.0,1101
right/02128_6337.png,right,40.0,2021
right/02129_3938.png,right,25.0,577
right/02130_4210.png,right,22.0,212
right/02131_4206.png,right,22.0,208
right/02132_6613.png,right,42.0,2271
right/02133_5260.png,right,32.0,1214
right/02134_5606.png,right,31.0,1140
right/02135_5738.png,right,30.0,1075
right/02136_4607.png,right,23.0,380
right/02137_8295.png,right,40.0,2010
right/02138_4862.png,right,26.0,635
right/02139_8124.png,right,63.0,4379
right/02140_5292.png,right,32.0,1246
right/02141_5757.png,right,30.0,1094
right/02142_6703.png,right,40.0,2094
right/02143_7268.png,right,50.0,3051
right/02144_3605.png,right,22.0,244
right/02145_3672.png,right,23.0,311
right/02146_7893.png,right,60.0,4016
right/02147_7177.png,right,48.0,2896
right/02148_6851.png,right,43.0,2358
right/02149_4355.png,right,21.0,128
right/02150_5148.png,right,31.0,1102
right/02151_3560.png,right,21.0,199
right/02152_5723.png,right,30.0,1060
right/02153_5787.png,right,31.0,1124
right/02154_7634.png,right,56.0,3617
right/02155_7367.png,right,52.0,3210
right/02156_5010.png,right,27.0,783
right/02157_5801.png,right,31.0,1138
right/02158_3884.png,right,25.0,523
right/02159_5976.png,right,33.0,1313
right/02160_6542.png,right,41.0,2152
right/02161_5172.png,right,31.0,1126
right/02162_8291.png,right,40.0,2001
right/02163_375.png,right,23.0,343
right/02164_6364.png,right,40.0,2070
right/02165_4094.png,right,20.0,96
right/02166_5502.png,right,30.0,1036
right/02167_2564.png,right,29.0,912
right/02168_4841.png,right,26.0,614
right/02169_5591.png,right,31.0,1125
right/02170_5306.png,right,32.0,1260
right/02171_1694.png,right,20.0,42
right/02172_6847.png,right,43.0,2350
right/02173_2612.png,right,29.0,960
right/02174_4061.png,right,20.0,63
right/02175_3495.png,right,21.0,134
right/02176_5246.png,right,32.0,1200
right/02177_5774.png,right,31.0,1111
right/02178_4312.png,right,20.0,85
right/02179_4598.png,right,23.0,371
right/02180_6435.png,right,41.0,2107
right/02181_6687.png,right,40.0,2062
right/02182_3565.png,right,22.0,204
right/02183_5791.png,right,31.0,1128
right/02184_4921.png,right,26.0,694
right/02185_3381.png,right,20.0,20
right/02186_6379.png,right,41.0,2113
right/02187_5193.png,right,31.0,1147
right/02188_1490.png,right,27.0,786
right/02189_5107.png,right,30.0,1061
right/02190_5652.png,right,31.0,1186
right/02191_4168.png,right,21.0,170
right/02192_6377.png,right,41.0,2107
right/02193_5359.png,right,33.0,1313
right/02194_4900.png,right,26.0,673
right/02195_6981.png,right,45.0,2576
right/02196_7016.png,right,46.0,2639
right/02197_6817.png,right,43.0,2300
right/02198_8292.png,right,40.0,2000
right/02199_1469.png,right,27.0,765
right/02200_5337.png,right,32.0,1291
right/02201_819.png,right,21.0,115
right/02202_7157.png,right,48.0,2860
right/02203_7033.png,right,46.0,2668
right/02204_6272.png,right,36.0,1609
right/02205_4143.png,right,21.0,145
right/02206_642.png,right,28.0,823
right/02207_5493.png,right,30.0,1027
right/02208_5416.png,right,33.0,1370
right/02209_5098.png,right,30.0,1052
right/02210_7826.png,right,59.0,3917
right/02211_4827.png,right,26.0,600
right/02212_8191.png,right,64.0,4486
right/02213_6658.png,right,40.0,2005
right/02214_6403.png,right,40.0,2047
right/02215_6129.png,right,34.0,1466
right/02216_7769.png,right,58.0,3824
right/02217_7710.png,right,57.0,3733
right/02218_4370.png,right,21.0,143
right/02219_7791.png,right,58.0,3858
right/02220_4283.png,right,20.0,56
right/02221_5425.png,right,33.0,1379
right/02222_3826.png,right,24.0,465
right/02223_6967.png,right,45.0,2558
right/02224_5587.png,right,31.0,1121
right/02225_1564.png,right,28.0,860
right/02226_6754.png,right,41.0,2185
right/02227_6439.png,right,41.0,2119
right/02228_3581.png,right,22.0,220
right/02229_5821.png,right,31.0,1158
right/02230_4936.png,right,27.0,709
right/02231_7476.png,right,53.0,3375
right/02232_4926.png,right,26.0,699
right/02233_3711.png,right,23.0,350
right/02234_4565.png,right,23.0,338
right/02235_3959.png,right,25.0,598
right/02236_7307.png,right,51.0,3118
right/02237_7940.png,right,60.0,4091
right/02238_5382.png,right,33.0,1336
right/02239_4321.png,right,20.0,94
right/02240_5229.png,right,31.0,1183
right/02241_6375.png,right,40.0,2097
right/02242_8036.png,right,62.0,4235
right/02243_4950.png,right,27.0,723
right/02244_7415.png,right,52.0,3286
right/02245_300.png,right,20.0,23
right/02246_3403.png,right,20.0,42
right/02247_4365.png,right,21.0,138
right/02248_3591.png,right,22.0,230
right/02249_5582.png,right,31.0,1116
right/02250_3840.png,right,24.0,479
right/02251_3900.png,right,25.0,539
right/02252_8012.png,right,62.0,4203
right/02253_8224.png,right,65.0,4535
right/02254_622.png,right,27.0,718
right/02255_4574.png,right,23.0,347
right/02256_3481.png,right,21.0,120
right/02257_4196.png,right,21.0,198
right/02258_7047.png,right,46.0,2686
right/02259_1392.png,right,26.0,688
right/02260_4428.png,right,22.0,201
right/02261_7866.png,right,59.0,3973
right/02262_3746.png,right,23.0,385
right/02263_7680.png,right,56.0,3687
right/02264_6548.png,right,41.0,2166
right/02265_5079.png,right,30.0,1033
right/02266_8011.png,right,61.0,4198
right/02267_7209.png,right,49.0,2948
right/02268_5015.png,right,27.0,788
right/02269_4630.png,right,24.0,403
right/02270_8212.png,right,65.0,4519
right/02271_7008.png,right,46.0,2623
right/02272_767.png,right,20.0,63
right/02273_3663.png,right,23.0,302
right/02274_4593.png,right,23.0,366
right/02275_8059.png,right,62.0,4278
right/02276_5328.png,right,32.0,1282
right/02277_6966.png,right,45.0,2553
right/02278_6481.png,right,40.0,2043
right/02279_4940.png,right,27.0,713
right/02280_7239.png,right,49.0,2994
right/02281_4639.png,right,24.0,412
right/02282_7656.png,right,56.0,3651
right/02283_3687.png,right,23.0,326
right/02284_6363.png,right,40.0,2065
right/02285_3730.png,right,23.0,369
right/02286_7208.png,right,49.0,2943
right/02287_6328.png,right,40.0,2004
right/02288_4851.png,right,26.0,624
right/02289_5219.png,right,31.0,1173
right/02290_7161.png,right,48.0,2868
right/02291_6177.png,right,35.0,1514
right/02292_5102.png,right,30.0,1056
right/02293_4297.png,right,20.0,70
right/02294_5985.png,right,33.0,1322
right/02295_5354.png,right,33.0,1308
right/02296_6002.png,right,33.0,1339
right/02297_3755.png,right,23.0,394
right/02298_8293.png,right,40.0,2005
right/02299_5058.png,right,30.0,1012
right/02300_7852.png,right,59.0,3951
right/02301_4042.png,right,20.0,44
right/02302_4699.png,right,24.0,472
right/02303_5029.png,right,28.0,802
right/02304_2648.png,right,29.0,996
right/02305_8085.png,right,63.0,4320
right/02306_6380.png,right,40.0,2000
right/02307_8247.png,right,65.0,4570
right/02308_2444.png,right,27.0,792
right/02309_6674.png,right,40.0,2037
right/02310_6796.png,right,42.0,2255
right/02311_6547.png,right,41.0,2161
right/02312_3551.png,right,21.0,190
right/02313_6682.png,right,40.0,2053
right/02314_5084.png,right,30.0,1038
right/02315_3570.png,right,22.0,209
right/02316_5049.png,right,30.0,1003
right/02317_7505.png,right,54.0,3424
right/02318_445.png,right,20.0,36
right/02319_5129.png,right,30.0,1083
right/02320_3697.png,right,23.0,336
right/02321_4507.png,right,22.0,280
right/02322_3702.png,right,23.0,341
right/02323_4463.png,right,22.0,236
right/02324_4409.png,right,21.0,182
right/02325_1038.png,right,23.0,334
right/02326_7768.png,right,58.0,3819
right/02327_976.png,right,22.0,272
right/02328_8267.png,right,66.0,4602
right/02329_7798.png,right,58.0,3869
right/02330_7777.png,right,58.0,3836
right/02331_6952.png,right,45.0,2527
right/02332_3998.png,right,20.0,0
right/02333_7655.png,right,56.0,3646
right/02334_6332.png,right,40.0,2000
right/02335_3595.png,right,22.0,234
right/02336_5485.png,right,30.0,1019
right/02337_6419.png,right,40.0,2075
right/02338_3224.png,right,35.0,1572
right/02339_7401.png,right,52.0,3264
right/02340_8058.png,right,62.0,4273
right/02341_4351.png,right,21.0,124
right/02342_422.png,right,25.0,550
right/02343_7267.png,right,50.0,3046
right/02344_2131.png,right,24.0,479
right/02345_7176.png,right,48.0,2891
right/02346_5453.png,right,34.0,1407
right/02347_413.png,right,25.0,501
right/02348_3726.png,right,23.0,365
right/02349_689.png,right,20.0,40
right/02350_1606.png,right,29.0,902
right/02351_7853.png,right,59.0,3956
right/02352_5658.png,right,31.0,1192
right/02353_4085.png,right,20.0,87
right/02354_4996.png,right,27.0,769
right/02355_3541.png,right,21.0,180
right/02356_3633.png,right,22.0,272
right/02357_5830.png,right,31.0,1167
right/02358_6619.png,right,42.0,2285
right/02359_7640.png,right,56.0,3627
right/02360_3851.png,right,24.0,490
right/02361_8091.png,right,63.0,4330
right/02362_7999.png,right,61.0,4178
right/02363_6586.png,right,42.0,2224
right/02364_6999.png,right,46.0,2610
right/02365_4730.png,right,25.0,503
right/02366_5521.png,right,30.0,1055
right/02367_7783.png,right,58.0,3846
right/02368_6482.png,right,40.0,2048
right/02369_4735.png,right,25.0,508
right/02370_5844.png,right,31.0,1181
right/02371_7446.png,right,53.0,3329
right/02372_919.png,right,22.0,215
right/02373_4560.png,right,23.0,333
right/02374_3821.png,right,24.0,460
right/02375_4905.png,right,26.0,678
right/02376_7421.png,right,52.0,3296
right/02377_6355.png,right,40.0,2041
right/02378_4468.png,right,22.0,241
right/02379_4989.png,right,27.0,762
right/02380_4423.png,right,21.0,196
right/02381_6497.png,right,40.0,2071
right/02382_4501.png,right,22.0,274
right/02383_5373.png,right,33.0,1327
right/02384_6559.png,right,41.0,2181
right/02385_2833.png,right,31.0,1181
right/02386_6335.png,right,40.0,2015
right/02387_7097.png,right,47.0,2772
right/02388_4912.png,right,26.0,685
right/02389_4779.png,right,25.0,552
right/02390_7065.png,right,47.0,2720
right/02391_6020.png,right,33.0,1357
right/02392_4891.png,right,26.0,664
right/02393_6918.png,right,44.0,2469
right/02394_3619.png,right,22.0,258
right/02395_6784.png,right,42.0,2231
right/02396_4458.png,right,22.0,231
right/02397_8026.png,right,62.0,4221
right/02398_5516.png,right,30.0,1050
right/02399_6566.png,right,41.0,2196
right/02400_3427.png,right,20.0,66
right/02401_8231.png,right,65.0,4546
right/02402_3915.png,right,25.0,554
right/02403_4740.png,right,25.0,513
right/02404_4886.png,right,26.0,659
right/02405_5215.png,right,31.0,1169
right/02406_4003.png,right,20.0,5
right/02407_6818.png,right,43.0,2305
right/02408_4360.png,right,21.0,133
right/02409_7960.png,right,61.0,4119
right/02410_3677.png,right,23.0,316
right/02411_6417.png,right,40.0,2065
right/02412_6797.png,right,42.0,2260
right/02413_5633.png,right,31.0,1167
right/02414_5905.png,right,32.0,1242
right/02415_3950.png,right,25.0,589
right/02416_4584.png,right,23.0,357
right/02417_5038.png,right,28.0,811
right/02418_7301.png,right,51.0,3108
right/02419_4482.png,right,22.0,255
right/02420_6480.png,right,40.0,2038
right/02421_6636.png,right,43.0,2310
right/02422_7536.png,right,54.0,3467
right/02423_6792.png,right,42.0,2247
right/02424_326.png,right,21.0,159
right/02425_4008.png,right,20.0,10
right/02426_4105.png,right,21.0,107
right/02427_7928.png,right,60.0,4071
right/02428_7489.png,right,53.0,3396
right/02429_3504.png,right,21.0,143
right/02430_550.png,right,23.0,381
right/02431_6673.png,right,40.0,2032
right/02432_4114.png,right,21.0,116
right/02433_6582.png,right,42.0,2216
right/02434_7332.png,right,51.0,3155
right/02435_4047.png,right,20.0,49
right/02436_3600.png,right,22.0,239
right/02437_5563.png,right,30.0,1097
right/02438_4100.png,right,21.0,102
right/02439_4437.png,right,22.0,210
right/02440_6513.png,right,41.0,2103
right/02441_3390.png,right,20.0,29
right/02442_7867.png,right,59.0,3978
right/02443_7079.png,right,47.0,2742
right/02444_4332.png,right,21.0,105
right/02445_7346.png,right,51.0,3177
right/02446_6868.png,right,43.0,2387
right/02447_5796.png,right,31.0,1133
right/02448_6164.png,right,35.0,1501
right/02449_6233.png,right,35.0,1570
right/02450_461.png,right,21.0,117
right/02451_5347.png,right,33.0,1301
right/02452_6454.png,right,40.0,2000
right/02453_8097.png,right,63.0,4340
right/02454_6774.png,right,42.0,2213
right/02455_5449.png,right,34.0,1403
right/02456_6492.png,right,40.0,2062
right/02457_5255.png,right,32.0,1209
right/02458_6753.png,right,41.0,2180
right/02459_4230.png,right,20.0,3
right/02460_4774.png,right,25.0,547
right/02461_4807.png,right,25.0,580
right/02462_4341.png,right,21.0,114
right/02463_6402.png,right,40.0,2042
right/02464_6184.png,right,35.0,1521
right/02465_6434.png,right,41.0,2102
right/02466_3812.png,right,24.0,451
right/02467_3905.png,right,25.0,544
right/02468_3080.png,right,34.0,1428
right/02469_7447.png,right,53.0,3334
right/02470_6052.png,right,33.0,1389
right/02471_6361.png,right,40.0,2055
right/02472_3760.png,right,23.0,399
right/02473_2037.png,right,23.0,385
right/02474_4249.png,right,20.0,22
right/02475_7755.png,right,57.0,3798
right/02476_3896.png,right,25.0,535
right/02477_6251.png,right,35.0,1588
right/02478_4293.png,right,20.0,66
right/02479_4788.png,right,25.0,561
right/02480_4511.png,right,22.0,284
right/02481_4759.png,right,25.0,532
right/02482_6883.png,right,44.0,2414
right/02483_6917.png,right,44.0,2464
right/02484_5943.png,right,32.0,1280
right/02485_8248.png,right,65.0,4575
right/02486_6689.png,right,40.0,2072
right/02487_5411.png,right,33.0,1365
right/02488_7626.png,right,56.0,3605
right/02489_4491.png,right,22.0,264
right/02490_4432.png,right,22.0,205
right/02491_4336.png,right,21.0,109
right/02492_7385.png,right,52.0,3236
right/02493_3574.png,right,22.0,213
right/02494_3668.png,right,23.0,307
right/02495_1936.png,right,22.0,284
right/02496_6934.png,right,44.0,2497
right/02497_6660.png,right,40.0,2015
right/02498_7504.png,right,54.0,3419
right/02499_3860.png,right,24.0,499
right/02500_4032.png,right,20.0,34
right/02501_7604.png,right,55.0,3571
right/02502_4754.png,right,25.0,527
right/02503_4663.png,right,24.0,436
right/02504_5342.png,right,32.0,1296
right/02505_703.png,right,20.0,54
right/02506_4569.png,right,23.0,342
right/02507_4680.png,right,24.0,453
right/02508_3412.png,right,20.0,51
right/02509_3919.png,right,25.0,558
right/02510_7210.png,right,49.0,2953
right/02511_4704.png,right,24.0,477
right/02512_3644.png,right,22.0,283
right/02513_5714.png,right,30.0,1051
right/02514_2086.png,right,24.0,434
right/02515_7279.png,right,50.0,3070
right/02516_7584.png,right,55.0,3539
right/02517_5507.png,right,30.0,1041
right/02518_5747.png,right,30.0,1084
right/02519_4832.png,right,26.0,605
right/02520_5679.png,right,30.0,1016
right/02521_593.png,right,25.0,599
right/02522_4399.png,right,21.0,172
right/02523_4080.png,right,20.0,82
right/02524_8189.png,right,64.0,4476
right/02525_4307.png,right,20.0,80
right/02526_6529.png,right,41.0,2131
right/02527_4037.png,right,20.0,39
right/02528_5806.png,right,31.0,1143
right/02529_5471.png,right,30.0,1005
right/02530_5695.png,right,30.0,1032
right/02531_4152.png,right,21.0,154
right/02532_1436.png,right,27.0,732
right/02533_8111.png,right,63.0,4358
right/02534_5054.png,right,30.0,1008
right/02535_7274.png,right,50.0,3061
right/02536_4867.png,right,26.0,640
right/02537_6420.png,right,40.0,2080
right/02538_7186.png,right,49.0,2909
right/02539_3653.png,right,22.0,292
right/02540_3624.png,right,22.0,263
right/02541_5610.png,right,31.0,1144
right/02542_5421.png,right,33.0,1375
right/02543_2975.png,right,33.0,1323
right/02544_4288.png,right,20.0,61
right/02545_4745.png,right,25.0,518
right/02546_7947.png,right,61.0,4102
right/02547_6605.png,right,42.0,2259
right/02548_6356.png,right,40.0,2046
right/02549_5143.png,right,30.0,1097
right/02550_1351.png,right,26.0,647
right/02551_6322.png,right,36.0,1659
right/02552_5176.png,right,31.0,1130
right/02553_5444.png,right,33.0,1398
right/02554_5075.png,right,30.0,1029
right/02555_4129.png,right,21.0,131
right/02556_3546.png,right,21.0,185
right/02557_7595.png,right,55.0,3554
right/02558_6719.png,right,41.0,2126
right/02559_4896.png,right,26.0,669
right/02560_541.png,right,23.0,332
right/02561_7839.png,right,59.0,3934
right/02562_7811.png,right,58.0,3894
right/02563_4769.png,right,25.0,542
right/02564_3446.png,right,20.0,85
right/02565_6338.png,right,40.0,2004
right/02566_4521.png,right,22.0,294
right/02567_5475.png,right,30.0,1009
right/02568_4449.png,right,22.0,222
right/02569_2247.png,right,25.0,595
right/02570_3944.png,right,25.0,583
right/02571_4017.png,right,20.0,19
right/02572_8279.png,right,40.0,2005
right/02573_7567.png,right,55.0,3510
right/02574_6330.png,right,40.0,2014
right/02575_7255.png,right,50.0,3030
right/02576_6935.png,right,45.0,2502
right/02577_3629.png,right,22.0,268
right/02578_5034.png,right,28.0,807
right/02579_4477.png,right,22.0,250
right/02580_6882.png,right,44.0,2409
right/02581_8190.png,right,64.0,4481
right/02582_7461.png,right,53.0,3352
right/02583_4917.png,right,26.0,690
right/02584_5733.png,right,30.0,1070
right/02585_3831.png,right,24.0,470
right/02586_4027.png,right,20.0,29
right/02587_3436.png,right,20.0,75
right/02588_3817.png,right,24.0,456
right/02589_7132.png,right,48.0,2819
right/02590_3509.png,right,21.0,148
right/02591_4798.png,right,25.0,571
right/02592_5752.png,right,30.0,1089
right/02593_3836.png,right,24.0,475
right/02594_3769.png,right,24.0,408
right/02595_5616.png,right,31.0,1150
right/02596_5643.png,right,31.0,1177
right/02597_4689.png,right,24.0,462
right/02598_6604.png,right,42.0,2254
right/02599_6652.png,right,43.0,2338
right/02600_8272.png,right,66.0,4611
right/02601_4110.png,right,21.0,112
right/02602_6702.png,right,40.0,2089
right/02603_4133.png,right,21.0,135
right/02604_3856.png,right,24.0,495
right/02605_7583.png,right,55.0,3534
right/02606_7934.png,right,60.0,4081
right/02607_7191.png,right,49.0,2918
right/02608_4588.png,right,23.0,361
right/02609_5202.png,right,31.0,1156
right/02610_3865.png,right,25.0,504
right/02611_4022.png,right,20.0,24
right/02612_5548.png,right,30.0,1082
right/02613_8236.png,right,65.0,4555
right/02614_3779.png,right,24.0,418
right/02615_6718.png,right,41.0,2121
right/02616_6300.png,right,36.0,1637
right/02617_4177.png,right,21.0,179
right/02618_6293.png,right,36.0,1630
right/02619_7914.png,right,60.0,4049
right/02620_4526.png,right,22.0,299
right/02621_8150.png,right,64.0,4417
right/02622_6983.png,right,45.0,2586
right/02623_6372.png,right,40.0,2090
right/02624_3639.png,right,22.0,278
right/02625_5526.png,right,30.0,1060
right/02626_3649.png,right,22.0,288
right/02627_3934.png,right,25.0,573
right/02628_6341.png,right,40.0,2019
right/02629_5601.png,right,31.0,1135
right/02630_6340.png,right,40.0,2014
right/02631_5210.png,right,31.0,1164
right/02632_8118.png,right,63.0,4369
right/02633_5301.png,right,32.0,1255
right/02634_3870.png,right,25.0,509
right/02635_2487.png,right,28.0,835
right/02636_6965.png,right,45.0,2548
right/02637_5648.png,right,31.0,1182
right/02638_6081.png,right,34.0,1418
right/02639_4545.png,right,23.0,318
right/02640_4384.png,right,21.0,157
right/02641_3716.png,right,23.0,355
right/02642_5779.png,right,31.0,1116
right/02643_6062.png,right,33.0,1399
right/02644_6810.png,right,42.0,2285
right/02645_7162.png,right,48.0,2873
right/02646_3417.png,right,20.0,56
right/02647_7400.png,right,52.0,3259
right/02648_6982.png,right,45.0,2581
right/02649_4496.png,right,22.0,269
right/02650_6651.png,right,43.0,2333
right/02651_5005.png,right,27.0,778
right/02652_4685.png,right,24.0,458
right/02653_6479.png,right,40.0,2033
right/02654_6530.png,right,41.0,2136
right/02655_3441.png,right,20.0,80
right/02656_858.png,right,21.0,154
right/02657_3523.png,right,21.0,162
right/02658_5133.png,right,30.0,1087
right/02659_5762.png,right,30.0,1099
right/02660_5387.png,right,33.0,1341
right/02661_5269.png,right,32.0,1223
right/02662_3969.png,right,26.0,608
right/02663_3431.png,right,20.0,70
right/02664_3682.png,right,23.0,321
right/02665_3519.png,right,21.0,158
right/02666_4390.png,right,21.0,163
right/02667_8260.png,right,65.0,4591
right/02668_5368.png,right,33.0,1322
right/02669_7064.png,right,47.0,2715
right/02670_384.png,right,23.0,392
right/02671_3450.png,right,20.0,89
right/02672_6791.png,right,42.0,2242
right/02673_4881.png,right,26.0,654
right/02674_4635.png,right,24.0,408
right/02675_6334.png,right,40.0,2010
right/02676_6066.png,right,34.0,1403
right/02677_6146.png,right,34.0,1483
right/02678_3788.png,right,24.0,427
right/02679_7293.png,right,50.0,3096
right/02680_6433.png,right,40.0,2097
right/02681_3362.png,right,20.0,1
right/02682_4274.png,right,20.0,47
right/02683_6919.png,right,44.0,2474
right/02684_3422.png,right,20.0,61
right/02685_7681.png,right,56.0,3692
right/02686_3964.png,right,26.0,603
right/02687_5287.png,right,32.0,1241
right/02688_4956.png,right,27.0,729
right/02689_6951.png,right,45.0,2522
right/02690_4856.png,right,26.0,629
right/02691_4172.png,right,21.0,174
right/02692_6833.png,right,43.0,2324
right/02693_5406.png,right,33.0,1360
right/02694_4404.png,right,21.0,177
right/02695_1105.png,right,24.0,401
right/02696_4694.png,right,24.0,467
right/02697_6525.png,right,41.0,2123
right/02698_4765.png,right,25.0,538
right/02699_3371.png,right,20.0,10
right/02700_4191.png,right,21.0,193
right/02701_5311.png,right,32.0,1265
right/02702_7253.png,right,50.0,3020
right/02703_2051.png,right,23.0,399
right/02704_8137.png,right,63.0,4396
right/02705_5691.png,right,30.0,1028
right/02706_7252.png,right,50.0,3015
right/02707_6803.png,right,42.0,2274
right/02708_5000.png,right,27.0,773
right/02709_6418.png,right,40.0,2070
right/02710_6015.png,right,33.0,1352
right/02711_5024.png,right,27.0,797
right/02712_6381.png,right,40.0,2005
right/02713_7756.png,right,58.0,3803
right/02714_6371.png,right,40.0,2085
right/02715_3846.png,right,24.0,485
right/02716_4535.png,right,23.0,308
right/02717_3376.png,right,20.0,15
right/02718_5068.png,right,30.0,1022
right/02719_7462.png,right,53.0,3357
right/02720_7254.png,right,50.0,3025
right/02721_4071.png,right,20.0,73
right/02722_6659.png,right,40.0,2010
right/02723_4612.png,right,23.0,385
right/02724_8071.png,right,62.0,4298
right/02725_1249.png,right,25.0,545
right/02726_6205.png,right,35.0,1542
right/02727_6034.png,right,33.0,1371
right/02728_4442.png,right,22.0,215
right/02729_6755.png,right,41.0,2190
right/02730_1804.png,right,21.0,152
right/02731_4394.png,right,21.0,167
right/02732_5553.png,right,30.0,1087
right/02733_6229.png,right,35.0,1566
right/02734_7192.png,right,49.0,2923
right/02735_6899.png,right,44.0,2438
right/02736_1641.png,right,29.0,937
right/02737_5854.png,right,31.0,1191
right/02738_3485.png,right,21.0,124
right/02739_6224.png,right,35.0,1561
right/02740_4721.png,right,24.0,494
right/02741_5297.png,right,32.0,1251
right/02742_6869.png,right,43.0,2392
right/02743_3408.png,right,20.0,47
right/02744_3889.png,right,25.0,528
right/02745_6704.png,right,40.0,2099
right/02746_7880.png,right,59.0,3999
right/02747_5558.png,right,30.0,1092
right/02748_7114.png,right,47.0,2797
right/02749_8049.png,right,62.0,4260
right/02750_6894.png,right,44.0,2429
right/02751_6512.png,right,40.0,2098
right/02752_3460.png,right,20.0,99
right/02753_8084.png,right,63.0,4315
right/02754_3395.png,right,20.0,34
right/02755_7477.png,right,53.0,3380
right/02756_4163.png,right,21.0,165
right/02757_4258.png,right,20.0,31
right/02758_6217.png,right,35.0,1554
right/02759_5458.png,right,34.0,1412
right/02760_5112.png,right,30.0,1066
right/02761_6688.png,right,40.0,2067
right/02762_7352.png,right,51.0,3187
right/02763_7133.png,right,48.0,2824
right/02764_4374.png,right,21.0,147
right/02765_4846.png,right,26.0,619
right/02766_4302.png,right,20.0,75
right/02767_5849.png,right,31.0,1186
right/02768_6457.png,right,40.0,2007
right/02769_3993.png,right,26.0,632
right/02770_7490.png,right,54.0,3401
right/02771_7552.png,right,54.0,3491
right/02772_7667.png,right,56.0,3666
right/02773_3490.png,right,21.0,129
right/02774_3555.png,right,21.0,194
right/02775_3929.png,right,25.0,568
right/02776_5265.png,right,32.0,1219
right/02777_5700.png,right,30.0,1037
right/02778_6637.png,right,43.0,2315
right/02779_4472.png,right,22.0,245
right/02780_7324.png,right,51.0,3143
right/02781_7711.png,right,57.0,3738
right/02782_7408.png,right,52.0,3275
right/02783_584.png,right,25.0,550
right/02784_492.png,right,22.0,218
right/02785_5155.png,right,31.0,1109
right/02786_6091.png,right,34.0,1428
right/02787_8178.png,right,64.0,4461
right/02788_6734.png,right,41.0,2157
right/02789_6953.png,right,45.0,2532
right/02790_5621.png,right,31.0,1155
right/02791_5596.png,right,31.0,1130
right/02792_6444.png,right,41.0,2128
right/02793_6565.png,right,41.0,2191
right/02794_6445.png,right,41.0,2133
right/02795_2376.png,right,27.0,724
right/02796_4945.png,right,27.0,718
right/02797_5435.png,right,33.0,1389
right/02798_5718.png,right,30.0,1055
right/02799_4124.png,right,21.0,126
right/02800_431.png,right,25.0,599
right/02801_3774.png,right,24.0,413
right/02802_2742.png,right,30.0,1090
right/02803_4187.png,right,21.0,189
right/02804_6514.png,right,41.0,2108
right/02805_3707.png,right,23.0,346
right/02806_7596.png,right,55.0,3559
right/02807_392.png,right,24.0,440
right/02808_7961.png,right,61.0,4124
right/02809_6705.png,right,41.0,2104
right/02810_3367.png,right,20.0,6
right/02811_8294.png,right,40.0,2004
right/02812_5835.png,right,31.0,1172
right/02813_2329.png,right,26.0,677
right/02814_6834.png,right,43.0,2329
right/02815_6025.png,right,33.0,1362
right/02816_7535.png,right,54.0,3462
right/02817_6846.png,right,43.0,2345
right/02818_6057.png,right,33.0,1394
right/02819_7879.png,right,59.0,3994
right/02820_3879.png,right,25.0,518
right/02821_4837.png,right,26.0,610
right/02822_3875.png,right,25.0,514
right/02823_8138.png,right,64.0,4401
right/02824_5638.png,right,31.0,1172
right/02825_6587.png,right,42.0,2229
right/02826_5626.png,right,31.0,1160
right/02827_4326.png,right,20.0,99
right/02828_4749.png,right,25.0,522
right/02829_6802.png,right,42.0,2269
right/02830_6657.png,right,40.0,2000
right/02831_6086.png,right,34.0,1423
right/02832_5684.png,right,30.0,1021
right/02833_4269.png,right,20.0,42
right/02834_6263.png,right,36.0,1600
right/02835_8165.png,right,64.0,4444
right/02836_8151.png,right,64.0,4422
right/02837_4708.png,right,24.0,481
right/02838_4013.png,right,20.0,15
right/02839_3784.png,right,24.0,423
right/02840_4516.png,right,22.0,289
right/02841_5186.png,right,31.0,1140
right/02842_6333.png,right,40.0,2005
right/02843_6339.png,right,40.0,2009
right/02844_6100.png,right,34.0,1437
right/02845_7063.png,right,47.0,2710
right/02846_8043.png,right,62.0,4250
right/02847_3750.png,right,23.0,389
right/02848_7740.png,right,57.0,3779
right/02849_6197.png,right,35.0,1534
right/02850_1758.png,right,21.0,106
right/02851_8164.png,right,64.0,4439
right/02852_4603.png,right,23.0,376
right/02853_7809.png,right,58.0,3884
right/02854_7368.png,right,52.0,3215
right/02855_4649.png,right,24.0,422
right/02856_5512.png,right,30.0,1046
right/02857_7015.png,right,46.0,2634
